order_id,date,time,order_type,branch_code,order_items,order_price,customer_lat,customer_lon,customerHasloyalty?,distance_to_customer_KM,delivery_fee
ORDB04342,2018-11-07,18:18:35,Dinner,TP,"[('Salmon', 1), ('Shrimp', 1)]",95.0,-37.8102664,144.9614839,0,8.485,13.0222773
ORDA07851,2018-11-12,18:28:43,Dinner,BK,"[('Fish&Chips', 1), ('Pasta', 8)]",255.0,-37.8176396,144.9592331,0,8.216,15.2738811
ORDK06202,2018-04-23,11:43:05,Breakfast,BK,"[('Cereal', 6), ('Pancake', 10), ('Eggs', 9), ('Coffee', 9)]",634.0,-37.8187986,144.9533683,0,8.795,13.7302812
ORDB01269,2018-06-05,13:04:13,Lunch,TP,"[('Fries', 8), ('Chicken', 6), ('Burger', 2)]",350.0,-37.8083751,144.9288036,0,11.863,15.1893349
ORDJ09923,2018-09-13,16:27:02,Dinner,TP,"[('Fish&Chips', 6), ('Shrimp', 5)]",480.0,-37.8009001,144.953532,0,9.89,13.4256038
ORDK01832,2018-05-27,12:43:56,Lunch,BK,"[('Salad', 8), ('Steak', 1), ('Chicken', 10), ('Burger', 6), ('Fries', 5)]",748.6,-37.8183666,144.9765336,0,6.966,15.4687345
ORDB07221,2018-09-24,16:47:19,Dinner,TP,"[('Pasta', 2), ('Salmon', 5), ('Fish&Chips', 8)]",540.0,-37.8171658,144.9888025,0,9.597,13.9515367
ORDB06041,2018-07-10,14:15:12,Lunch,TP,"[('Steak', 4), ('Chicken', 1)]",212.0,-37.8245576,144.9848589,0,8.887,12.2136783
ORDX10304,2018-06-20,13:34:38,Lunch,BK,"[('Salad', 3), ('Chicken', 9)]",339.6,-37.805888,144.9561775,0,8.043,14.1236289
ORDK04839,2018-07-29,14:55:46,Lunch,BK,"[('Salad', 1), ('Chicken', 10)]",337.2,-37.8115874,144.9648105,0,7.424,15.8836958
ORDJ02453,2018-10-06,17:07:36,Dinner,TP,"[('Fish&Chips', 7), ('Salmon', 1)]",286.0,-37.8193592,144.983149,0,9.143,14.3895749
ORDX07302,2018-12-22,19:49:51,Dinner,BK,"[('Salmon', 6), ('Pasta', 7), ('Fish&Chips', 3)]",543.5,-37.8180118,144.9480948,0,9.182,18.4245856
ORDJ07610,2018-08-03,15:05:54,Lunch,TP,"[('Fries', 7), ('Salad', 3)]",135.6,-37.8122989,144.9736625,0,8.741,11.6730272
ORDJ08570,2018-10-26,17:48:10,Dinner,TP,"[('Pasta', 2), ('Shrimp', 5), ('Fish&Chips', 4)]",465.0,-37.8094422,144.9639284,0,8.678,12.9695642
ORDI07201,2018-06-09,13:14:21,Lunch,NS,"[('Burger', 1), ('Fries', 2), ('Chicken', 2)]",119.0,-37.8038887,144.9487812,0,8.48,16.0846438
ORDC08378,2018-02-03,09:00:50,Breakfast,NS,"[('Cereal', 1), ('Eggs', 4)]",109.0,-37.8233216,144.960685,0,9.307,16.5627117
ORDK08774,2018-04-06,11:02:32,Breakfast,BK,"[('Pancake', 2), ('Coffee', 5)]",86.0,-37.8034957,144.9497343,0,8.776,14.1552146
ORDY02652,2018-12-16,19:29:34,Dinner,TP,"[('Salmon', 10), ('Shrimp', 6), ('Fish&Chips', 3), ('Pasta', 7)]",1031.5,-37.8145113,144.9383584,0,10.291,16.0657222
ORDJ01066,2018-01-14,08:20:16,Breakfast,TP,"[('Eggs', 4), ('Coffee', 5), ('Cereal', 2), ('Pancake', 2)]",216.0,-37.8181279,144.9485845,1,9.042,6.4002732
ORDK02924,2018-03-03,10:01:41,Breakfast,BK,"[('Pancake', 5), ('Eggs', 3), ('Coffee', 2), ('Cereal', 3)]",265.25,-37.8074473,144.9781934,0,6.178,13.5369706
ORDX03679,2018-09-20,16:37:10,Dinner,BK,"[('Shrimp', 6), ('Pasta', 1), ('Salmon', 7), ('Fish&Chips', 9)]",953.5,-37.8248285,144.9296955,0,15.092,21.7078185
ORDA08749,2018-05-08,12:13:31,Lunch,BK,"[('Steak', 6), ('Burger', 1), ('Salad', 8), ('Fries', 4)]",486.6,-37.8223201,144.9340693,0,10.713,16.4086922
ORDY01799,2018-03-31,10:52:23,Breakfast,TP,"[('Coffee', 9), ('Eggs', 10), ('Cereal', 4), ('Pancake', 7)]",541.25,-37.8187308,144.9714369,0,7.932,12.2037188
ORDZ02674,2018-05-28,12:54:05,Lunch,NS,"[('Salad', 10), ('Burger', 4), ('Fries', 8), ('Steak', 7)]",707.0,-37.7991553,144.9806399,0,7.204,12.878439
ORDY02329,2018-12-05,19:09:17,Dinner,TP,"[('Pasta', 10), ('Salmon', 7), ('Shrimp', 8), ('Fish&Chips', 9)]",1309.0,-37.8188994,144.9549157,0,8.334,12.0617866
ORDI09792,2018-01-28,08:50:42,Breakfast,NS,"[('Cereal', 9), ('Coffee', 8), ('Eggs', 10), ('Pancake', 6)]",614.5,-37.8001078,144.9494538,0,8.132,15.3356331
ORDB01191,2018-09-25,16:47:19,Dinner,TP,"[('Pasta', 7), ('Shrimp', 8)]",624.5,-37.8034831,144.9496043,0,9.895,14.4100919
ORDB10761,2018-12-27,20:00:00,Dinner,TP,"[('Fish&Chips', 1), ('Salmon', 3), ('Shrimp', 10), ('Pasta', 1)]",725.5,-37.8108968,144.9668054,0,8.624,12.5296143
ORDZ07266,2018-07-21,14:35:29,Lunch,NS,"[('Salad', 1), ('Burger', 3), ('Steak', 10), ('Chicken', 1), ('Fries', 7)]",676.2,-37.8010903,144.99511,0,8.612,15.8462583
ORDB06906,2018-04-10,11:12:40,Breakfast,TP,"[('Pancake', 5), ('Cereal', 3)]",184.25,-37.8113935,145.0014914,0,11.096,13.2385563
ORDA01307,2018-02-07,09:10:59,Breakfast,BK,"[('Pancake', 8), ('Eggs', 10), ('Coffee', 3), ('Cereal', 8)]",604.5,-37.8244161,144.9891642,0,6.376,11.482197
ORDJ07085,2018-05-12,12:13:31,Lunch,TP,"[('Chicken', 10), ('Fries', 6), ('Steak', 7), ('Burger', 1)]",738.0,-37.8006798,144.9577628,0,9.651,14.486919
ORDY03512,2018-04-30,11:53:14,Breakfast,TP,"[('Pancake', 3), ('Eggs', 5), ('Coffee', 9)]",250.25,-37.8149016,144.9448282,0,9.589,6.0389281
ORDC07162,2018-01-06,08:10:08,Breakfast,NS,"[('Pancake', 3), ('Coffee', 4), ('Eggs', 7)]",256.75,-37.809295,145.0017436,1,9.515,8.4934455
ORDA02645,2018-08-10,15:16:03,Lunch,BK,"[('Chicken', 1), ('Steak', 3), ('Burger', 2), ('Salad', 5), ('Fries', 10)]",435.0,-37.8177321,144.9511468,0,9.115,14.9935641
ORDB00511,2018-01-14,08:20:16,Breakfast,TP,"[('Eggs', 9), ('Pancake', 9), ('Cereal', 3)]",479.25,-37.8025592,144.9456,1,10.243,6.8524067
ORDJ02156,2018-09-13,16:27:02,Dinner,TP,"[('Salmon', 1), ('Fish&Chips', 7), ('Shrimp', 3)]",448.0,-37.8143828,144.9354512,0,10.632,14.9047827
ORDI03216,2018-12-09,19:19:26,Dinner,NS,"[('Fish&Chips', 9), ('Pasta', 7)]",507.5,-37.8117367,144.9383203,0,9.784,18.0755608
ORDZ05488,2018-09-15,16:27:02,Dinner,NS,"[('Fish&Chips', 3), ('Pasta', 1)]",132.5,-37.814045,144.9396343,0,9.649,18.2172783
ORDJ02637,2018-05-30,12:54:05,Lunch,TP,"[('Fries', 1), ('Burger', 5)]",167.0,-37.8176215,144.9909744,0,9.796,13.0997669
ORDC06917,2018-07-16,14:25:21,Lunch,NS,"[('Steak', 3), ('Salad', 6), ('Fries', 5), ('Chicken', 4), ('Burger', 2)]",488.2,-37.8141249,144.9724314,0,7.862,13.0960118
ORDK02487,2018-04-28,11:53:14,Breakfast,BK,"[('Eggs', 7), ('Coffee', 4), ('Cereal', 4), ('Pancake', 6)]",413.5,-37.8230646,144.968504,0,8.079,15.885677
ORDY03037,2018-03-03,10:01:41,Breakfast,TP,"[('Cereal', 7), ('Coffee', 9), ('Eggs', 2)]",258.5,-37.8239364,144.9901742,0,9.476,13.4312796
ORDC09374,2018-05-28,12:54:05,Lunch,NS,"[('Salad', 5), ('Steak', 7)]",401.0,-37.8020328,144.9446325,0,8.668,13.7499147
ORDI04717,2018-03-14,10:21:58,Breakfast,NS,"[('Eggs', 3), ('Cereal', 8), ('Coffee', 2), ('Pancake', 4)]",346.0,-37.8121427,144.9792291,0,7.996,12.6610494
ORDB04101,2018-06-08,13:14:21,Lunch,TP,"[('Salad', 5), ('Fries', 7)]",170.0,-37.8049132,144.9523755,0,9.58,6.4603066
ORDY00097,2018-01-05,08:00:00,Breakfast,TP,"[('Pancake', 8), ('Coffee', 4), ('Eggs', 3), ('Cereal', 6)]",416.0,-37.8044137,144.9539765,1,9.543,6.249377
ORDK08692,2018-06-12,13:24:30,Lunch,BK,"[('Fries', 2), ('Burger', 8), ('Steak', 9), ('Chicken', 6)]",869.0,-37.8062744,144.946887,0,8.944,14.830576
ORDZ02016,2018-10-22,17:48:10,Dinner,NS,"[('Salmon', 4), ('Shrimp', 2)]",272.0,-37.8209341,144.9613851,0,9.026,15.5713101
ORDB06609,2018-10-28,17:58:18,Dinner,TP,"[('Pasta', 4), ('Fish&Chips', 3), ('Shrimp', 9), ('Salmon', 1)]",742.0,-37.8033138,144.9904672,0,10.82,16.0469575
ORDZ00711,2018-12-09,19:19:26,Dinner,NS,"[('Fish&Chips', 8), ('Pasta', 1)]",307.5,-37.8199018,144.9906932,0,9.557,17.7618316
ORDI01960,2018-06-09,13:14:21,Lunch,NS,"[('Chicken', 4), ('Fries', 4), ('Steak', 10), ('Burger', 4)]",750.0,-37.8038741,145.0152661,0,10.433,17.9375448
ORDJ10481,2018-10-25,17:48:10,Dinner,TP,"[('Pasta', 10), ('Salmon', 9), ('Fish&Chips', 2), ('Shrimp', 5)]",984.0,-37.8200677,144.9660228,0,7.357,12.0384689
ORDK07536,2018-10-09,17:17:44,Dinner,BK,"[('Salmon', 5), ('Fish&Chips', 10), ('Shrimp', 10)]",1095.0,-37.8119211,144.9522565,0,8.558,15.1069426
ORDA04730,2018-04-19,11:32:57,Breakfast,BK,"[('Pancake', 8), ('Cereal', 5)]",299.0,-37.8148623,144.9745908,0,6.763,11.5546926
ORDI03076,2018-03-06,10:01:41,Breakfast,NS,"[('Pancake', 2), ('Coffee', 1), ('Cereal', 2), ('Eggs', 7)]",252.0,-37.8098238,144.976572,0,7.805,12.669917
ORDX03981,2018-10-20,17:38:01,Dinner,BK,"[('Fish&Chips', 1), ('Shrimp', 9), ('Salmon', 2)]",603.0,-37.8155774,144.9823836,0,6.237,15.6099005
ORDC05013,2018-04-24,11:43:05,Breakfast,NS,"[('Eggs', 4), ('Coffee', 7)]",140.5,-37.8014087,145.0020552,0,9.227,14.130603
ORDK10249,2018-12-14,19:29:34,Dinner,BK,"[('Salmon', 3), ('Shrimp', 7)]",501.0,-37.8053499,144.9508028,0,8.526,14.783785
ORDB06549,2018-11-29,18:59:09,Dinner,TP,"[('Pasta', 3), ('Shrimp', 2), ('Fish&Chips', 5)]",365.5,-37.7979967,145.0009341,0,12.717,24.541417199999998
ORDI07236,2018-08-10,15:16:03,Lunch,NS,"[('Salad', 3), ('Burger', 1), ('Steak', 3)]",217.6,-37.7990947,144.9632954,0,6.925,11.9610492
ORDB00854,2018-02-05,09:00:50,Breakfast,TP,"[('Coffee', 4), ('Pancake', 4), ('Eggs', 2), ('Cereal', 6)]",297.0,-37.8074748,144.9568265,0,9.182,18.08658525
ORDB00452,2018-04-20,11:32:57,Breakfast,TP,"[('Eggs', 2), ('Pancake', 5), ('Cereal', 1), ('Coffee', 3)]",208.75,-37.8023282,144.9435265,0,10.425,13.0109786
ORDC10113,2018-08-30,15:56:37,Lunch,NS,"[('Steak', 6), ('Fries', 8)]",366.0,-37.7989197,144.9839018,0,7.52,12.6763631
ORDA06072,2018-10-01,16:57:27,Dinner,BK,"[('Shrimp', 10), ('Pasta', 5), ('Salmon', 2), ('Fish&Chips', 3)]",864.5,-37.8007723,144.9847551,0,6.346,13.3895959
ORDX03449,2018-08-22,15:36:20,Lunch,BK,"[('Fries', 10), ('Steak', 6), ('Chicken', 10), ('Salad', 2)]",744.4,-37.8076385,144.9620212,0,7.534,13.9259072
ORDA02513,2018-06-04,13:04:13,Lunch,BK,"[('Steak', 10), ('Fries', 9), ('Salad', 4)]",626.8,-37.8042009,144.9936079,0,5.267,11.4451236
ORDY06548,2018-05-07,12:03:22,Lunch,TP,"[('Chicken', 9), ('Steak', 6), ('Fries', 1), ('Salad', 2)]",604.4,-37.8137204,144.9610399,0,8.276,11.4701202
ORDX04699,2018-07-06,14:05:04,Lunch,BK,"[('Fries', 3), ('Chicken', 7), ('Steak', 2), ('Burger', 2)]",412.0,-37.7990245,144.9701504,0,7.674,13.3258366
ORDZ07796,2018-04-18,11:32:57,Breakfast,NS,"[('Pancake', 7), ('Cereal', 8), ('Eggs', 10), ('Coffee', 9)]",625.25,-37.8133334,144.9739012,0,7.662,12.8384042
ORDX09670,2018-12-09,19:19:26,Dinner,BK,"[('Salmon', 6), ('Pasta', 3)]",328.5,-37.8011823,144.9768985,0,6.998,15.9882012
ORDY09330,2018-05-16,12:23:39,Lunch,TP,"[('Fries', 10), ('Salad', 8), ('Chicken', 6)]",449.6,-37.8082411,144.9232598,0,11.685,15.1189286
ORDX04254,2018-07-07,14:05:04,Lunch,BK,"[('Burger', 1), ('Fries', 9), ('Chicken', 9), ('Salad', 7), ('Steak', 7)]",862.4,-37.8169759,144.9693762,0,7.242,15.5250336
ORDB05536,2018-09-29,16:57:27,Dinner,TP,"[('Fish&Chips', 3), ('Pasta', 1)]",132.5,-37.8071565,144.950805,0,9.421,15.0418198
ORDY01616,2018-10-10,17:17:44,Dinner,TP,"[('Salmon', 10), ('Shrimp', 9), ('Pasta', 5)]",1033.5,-37.8116708,144.9527928,0,9.023,13.80562
ORDK08138,2018-10-11,17:17:44,Dinner,BK,"[('Shrimp', 1), ('Salmon', 9), ('Pasta', 7), ('Fish&Chips', 10)]",965.5,-37.8120908,144.9533372,0,8.425,15.0100388
ORDA08098,2018-04-13,11:22:49,Breakfast,BK,"[('Cereal', 7), ('Coffee', 2), ('Pancake', 5), ('Eggs', 1)]",305.25,-37.819554,144.9632428,0,7.952,13.1062499
ORDA10603,2018-09-09,16:16:54,Dinner,BK,"[('Salmon', 5), ('Pasta', 9), ('Shrimp', 8)]",884.5,-37.8099654,144.9621472,0,7.68,16.888415
ORDX07390,2018-10-28,17:58:18,Dinner,BK,"[('Shrimp', 1), ('Salmon', 2), ('Pasta', 9), ('Fish&Chips', 4)]",523.5,-37.8088665,144.9488609,0,8.998,18.346992
ORDB02539,2018-06-20,13:34:38,Lunch,TP,"[('Chicken', 8), ('Salad', 5)]",342.0,-37.8042856,144.9490574,0,9.861,13.2552583
ORDJ07556,2018-03-14,10:21:58,Breakfast,TP,"[('Eggs', 7), ('Pancake', 5), ('Coffee', 4)]",305.25,-37.8130316,144.9514686,0,9.08,11.3767686
ORDX01413,2018-07-16,14:25:21,Lunch,BK,"[('Fries', 1), ('Chicken', 9)]",300.0,-37.8050692,144.9572442,0,8.063,13.5506149
ORDX05005,2018-01-09,08:10:08,Breakfast,BK,"[('Cereal', 2), ('Coffee', 1)]",49.5,-37.8058169,144.9812881,1,6.129,5.2018958
ORDZ01247,2018-12-27,20:00:00,Dinner,NS,"[('Salmon', 1), ('Fish&Chips', 1), ('Pasta', 5), ('Shrimp', 3)]",375.5,-37.8196908,144.9520403,0,9.391,15.3697232
ORDJ10973,2018-04-15,11:22:49,Breakfast,TP,"[('Coffee', 4), ('Cereal', 4), ('Pancake', 5)]",235.25,-37.8068473,144.9837274,0,9.95,14.0802613
ORDZ09480,2018-01-01,08:00:00,Breakfast,NS,"[('Cereal', 8), ('Eggs', 9), ('Pancake', 1)]",390.25,-37.8186375,144.9827669,1,9.0,9.93646725
ORDI00447,2018-03-23,10:42:15,Breakfast,NS,"[('Pancake', 5), ('Cereal', 7)]",268.25,-37.8199784,144.9853188,0,9.103,14.0746563
ORDK07730,2018-12-09,19:19:26,Dinner,BK,"[('Fish&Chips', 7), ('Pasta', 8), ('Salmon', 2), ('Shrimp', 3)]",709.0,-37.8008906,144.9194911,0,11.599,21.4524541
ORDB10198,2018-08-04,15:05:54,Lunch,TP,"[('Salad', 9), ('Fries', 2), ('Burger', 10)]",488.8,-37.8032481,144.949899,0,9.953,14.9801645
ORDB10678,2018-08-03,15:05:54,Lunch,TP,"[('Steak', 9), ('Burger', 10), ('Chicken', 8)]",971.0,-37.8145097,144.9882537,0,9.75,13.2596673
ORDI07528,2018-10-11,17:17:44,Dinner,NS,"[('Fish&Chips', 5), ('Pasta', 5), ('Shrimp', 7)]",690.5,-37.8119624,144.9534267,0,8.427,14.1668649
ORDY09439,2018-02-04,09:00:50,Breakfast,TP,"[('Eggs', 2), ('Pancake', 8), ('Coffee', 1), ('Cereal', 5)]",350.5,-37.8044772,144.9631866,0,9.249,13.2237238
ORDJ10623,2018-12-07,19:19:26,Dinner,TP,"[('Shrimp', 5), ('Fish&Chips', 9), ('Pasta', 3)]",667.5,-37.8236865,144.9868202,0,9.085,13.6826278
ORDZ03134,2018-08-08,15:16:03,Lunch,NS,"[('Chicken', 1), ('Salad', 9), ('Fries', 3), ('Steak', 2)]",312.8,-37.8010339,144.9631536,0,6.955,12.6280444
ORDA01275,2018-11-21,18:49:00,Dinner,BK,"[('Fish&Chips', 10), ('Salmon', 4), ('Shrimp', 4), ('Pasta', 7)]",922.5,-37.8249996,144.9669068,0,8.32,15.3414352
ORDA01331,2018-01-02,08:00:00,Breakfast,BK,"[('Cereal', 5), ('Pancake', 4)]",202.0,-37.7991359,145.0106154,1,5.051,5.1422383
ORDX00680,2018-06-21,13:34:38,Lunch,BK,"[('Chicken', 1), ('Steak', 7), ('Fries', 9), ('Salad', 1), ('Burger', 5)]",627.2,-37.7994744,145.0021407,0,5.652,11.9492156
ORDK07060,2018-04-16,11:22:49,Breakfast,BK,"[('Cereal', 5), ('Coffee', 10), ('Eggs', 7)]",334.0,-37.8102362,144.968798,0,7.032,12.0262604
ORDC10640,2018-05-15,12:23:39,Lunch,NS,"[('Chicken', 10), ('Fries', 4), ('Salad', 6)]",471.2,-37.8188044,144.9623755,0,8.735,13.9854674
ORDZ04691,2018-03-01,09:51:32,Breakfast,NS,"[('Coffee', 10), ('Cereal', 3), ('Eggs', 2)]",182.0,-37.8232309,144.9378076,0,10.722,15.4178148
ORDB04219,2018-10-10,17:17:44,Dinner,TP,"[('Salmon', 5), ('Fish&Chips', 10), ('Pasta', 2)]",610.0,-37.8123071,144.9536836,0,9.046,13.3275842
ORDC03917,2018-12-05,19:09:17,Dinner,NS,"[('Fish&Chips', 7), ('Pasta', 1), ('Shrimp', 7), ('Salmon', 9)]",1019.5,-37.822562,144.9582048,0,9.426,15.0532352
ORDC08164,2018-09-28,16:57:27,Dinner,NS,"[('Pasta', 4), ('Shrimp', 3), ('Fish&Chips', 10)]",622.0,-37.8086451,144.9453811,0,9.021,14.7763231
ORDA06119,2018-06-24,13:44:47,Lunch,BK,"[('Burger', 3), ('Salad', 3), ('Chicken', 6), ('Fries', 1), ('Steak', 4)]",528.6,-37.8256015,144.9828463,0,7.034,15.634407
ORDI08253,2018-04-21,11:32:57,Breakfast,NS,"[('Eggs', 2), ('Pancake', 3)]",116.75,-37.8188654,144.9539685,0,9.176,16.687013
ORDI08531,2018-02-15,09:21:07,Breakfast,NS,"[('Pancake', 7), ('Cereal', 1), ('Eggs', 2), ('Coffee', 7)]",287.25,-37.8126671,145.0002617,0,9.681,14.6821657
ORDJ01617,2018-07-15,14:25:21,Lunch,TP,"[('Salad', 10), ('Steak', 9)]",577.0,-37.806913,144.9657827,0,9.08,6.8293004
ORDX04780,2018-11-09,18:18:35,Dinner,BK,"[('Fish&Chips', 5), ('Salmon', 7), ('Pasta', 5), ('Shrimp', 5)]",869.5,-37.8192599,145.0065211,0,4.324,10.6968566
ORDK01848,2018-12-13,19:29:34,Dinner,BK,"[('Salmon', 10), ('Pasta', 4), ('Shrimp', 3)]",682.0,-37.8177908,144.9317756,0,10.605,18.0373024
ORDK10029,2018-05-06,12:03:22,Lunch,BK,"[('Chicken', 1), ('Steak', 4), ('Burger', 5)]",367.0,-37.8049604,144.9315487,0,11.033,19.5538904
ORDA10933,2018-08-05,15:05:54,Lunch,BK,"[('Fries', 4), ('Chicken', 3), ('Burger', 1), ('Salad', 1)]",192.2,-37.8099611,144.9434931,0,9.602,18.2943476
ORDK06448,2018-08-03,15:05:54,Lunch,BK,"[('Steak', 3), ('Salad', 9), ('Fries', 6)]",361.8,-37.8142076,144.9857075,0,5.772,10.7013165
ORDJ07920,2018-09-11,16:16:54,Dinner,TP,"[('Shrimp', 4), ('Fish&Chips', 5)]",391.0,-37.8233549,144.9599171,0,7.742,11.8554016
ORDK05858,2018-05-18,12:33:48,Lunch,BK,"[('Chicken', 4), ('Fries', 7)]",212.0,-37.8149728,144.9449286,0,9.168,14.8678856
ORDB02189,2018-09-20,16:37:10,Dinner,TP,"[('Pasta', 8), ('Salmon', 4), ('Fish&Chips', 9)]",699.0,-37.8249379,144.928529,0,16.625,19.7035036
ORDB02701,2018-11-25,18:49:00,Dinner,TP,"[('Shrimp', 3), ('Salmon', 7)]",449.0,-37.8206455,144.9487556,0,8.866,14.2150362
ORDC05517,2018-07-31,14:55:46,Lunch,NS,"[('Chicken', 10), ('Salad', 7), ('Burger', 3)]",533.4,-37.8081941,144.9998632,0,9.365,15.2791272
ORDC07838,2018-04-28,11:53:14,Breakfast,NS,"[('Cereal', 9), ('Eggs', 2)]",233.0,-37.8160869,144.9633195,0,8.299,15.5914414
ORDI04903,2018-11-07,18:18:35,Dinner,NS,"[('Salmon', 2), ('Shrimp', 3)]",244.0,-37.8112471,144.9619299,0,7.719,13.6688493
ORDJ05169,2018-04-27,11:53:14,Breakfast,TP,"[('Pancake', 2), ('Coffee', 8), ('Eggs', 6), ('Cereal', 8)]",408.5,-37.8233885,144.9680947,0,7.893,10.7820675
ORDB02409,2018-08-20,15:36:20,Lunch,TP,"[('Chicken', 9), ('Burger', 1)]",319.0,-37.8036009,144.9549911,0,9.553,12.9277149
ORDI03735,2018-04-22,11:32:57,Breakfast,NS,"[('Pancake', 7), ('Coffee', 10)]",244.75,-37.8190395,144.9525645,0,9.314,16.3732649
ORDY05258,2018-02-23,09:41:24,Breakfast,TP,"[('Eggs', 6), ('Coffee', 7)]",184.5,-37.7989805,144.9454345,0,10.703,13.1567426
ORDX08119,2018-10-07,17:17:44,Dinner,BK,"[('Fish&Chips', 4), ('Shrimp', 8), ('Pasta', 4), ('Salmon', 1)]",723.0,-37.8022208,144.9656789,0,7.675,25.074192000000004
ORDK04967,2018-02-25,09:41:24,Breakfast,BK,"[('Eggs', 9), ('Coffee', 3), ('Cereal', 3), ('Pancake', 7)]",453.25,-37.8030083,145.0089613,0,4.476,11.982611
ORDC08606,2018-12-29,20:00:00,Dinner,NS,"[('Shrimp', 4), ('Fish&Chips', 10)]",566.0,-37.8158541,144.9372958,0,10.037,18.2328607
ORDZ11058,2018-01-20,08:30:25,Breakfast,NS,"[('Pancake', 3), ('Coffee', 6), ('Cereal', 8)]",285.75,-37.806982,144.9589974,0,7.744,15.1398625
ORDC09525,2018-11-11,18:28:43,Dinner,NS,"[('Shrimp', 6), ('Salmon', 5)]",529.0,-37.8030898,144.9612977,0,7.192,14.9608591
ORDB03537,2018-05-30,12:54:05,Lunch,TP,"[('Fries', 10), ('Chicken', 9)]",408.0,-37.817954,144.9897831,0,9.702,12.7630469
ORDX06678,2018-01-08,08:10:08,Breakfast,BK,"[('Coffee', 2), ('Pancake', 8), ('Eggs', 2)]",253.0,-37.8164305,144.9382911,1,9.958,7.5579
ORDX01670,2018-08-12,15:26:11,Lunch,BK,"[('Steak', 3), ('Salad', 3), ('Chicken', 9), ('Fries', 2)]",498.6,-37.8163143,144.9893275,0,5.604,14.1820668
ORDI09931,2018-06-08,13:14:21,Lunch,NS,"[('Burger', 3), ('Steak', 6), ('Fries', 2), ('Chicken', 4), ('Salad', 1)]",532.2,-37.804076,144.9492423,0,8.429,14.1360716
ORDI03483,2018-07-08,14:15:12,Lunch,NS,"[('Burger', 6), ('Chicken', 10)]",506.0,-37.8084499,145.0127812,0,10.443,18.01014
ORDI08956,2018-08-29,15:56:37,Lunch,NS,"[('Salad', 10), ('Burger', 1), ('Chicken', 1), ('Steak', 6), ('Fries', 9)]",613.0,-37.818219,144.9774547,0,9.381,15.2226356
ORDX07163,2018-06-05,13:04:13,Lunch,BK,"[('Chicken', 9), ('Burger', 8)]",536.0,-37.8029372,144.9444736,0,9.23,14.8981533
ORDZ00060,2018-09-01,16:06:45,Dinner,NS,"[('Fish&Chips', 5), ('Shrimp', 10), ('Pasta', 9)]",962.5,-37.8170357,144.9536234,0,8.94,16.4358952
ORDY03305,2018-08-11,15:16:03,Lunch,TP,"[('Salad', 5), ('Steak', 10)]",536.0,-37.8181719,144.9524445,0,9.701,7.1603954
ORDB04263,2018-06-14,13:24:30,Lunch,TP,"[('Chicken', 7), ('Burger', 3), ('Salad', 10)]",489.0,-37.7996201,144.9671985,0,9.921,13.3337128
ORDB08186,2018-12-15,19:29:34,Dinner,TP,"[('Shrimp', 6), ('Fish&Chips', 8), ('Salmon', 3), ('Pasta', 2)]",782.0,-37.8086572,144.9708607,0,9.155,15.0512249
ORDB01514,2018-11-02,18:08:27,Dinner,TP,"[('Salmon', 4), ('Pasta', 4)]",274.0,-37.8180524,144.9692968,0,7.857,11.9461576
ORDZ03764,2018-07-11,14:15:12,Lunch,NS,"[('Chicken', 3), ('Burger', 10), ('Steak', 10), ('Salad', 1), ('Fries', 10)]",993.2,-37.8057852,144.942916,0,9.165,14.3818639
ORDK07765,2018-04-26,11:43:05,Breakfast,BK,"[('Eggs', 4), ('Cereal', 2)]",130.0,-37.8185853,144.9671835,0,7.553,12.4894726
ORDZ00376,2018-11-11,18:28:43,Dinner,NS,"[('Pasta', 9), ('Fish&Chips', 2)]",317.5,-37.8182877,144.9467771,0,9.529,17.7833539
ORDX07292,2018-09-06,16:16:54,Dinner,BK,"[('Shrimp', 7), ('Pasta', 1), ('Salmon', 5), ('Fish&Chips', 6)]",820.5,-37.8193607,144.9765948,0,7.194,13.4800713
ORDB02570,2018-09-17,16:37:10,Dinner,TP,"[('Fish&Chips', 6), ('Pasta', 6), ('Shrimp', 9), ('Salmon', 10)]",1271.0,-37.8037739,144.9188476,0,12.224,15.7757791
ORDK10791,2018-04-24,11:43:05,Breakfast,BK,"[('Eggs', 5), ('Cereal', 8), ('Pancake', 4)]",375.0,-37.8192399,144.9529087,0,8.847,13.6459738
ORDA00396,2018-08-06,15:05:54,Lunch,BK,"[('Burger', 1), ('Salad', 4), ('Steak', 4)]",279.8,-37.81352,144.9685284,0,7.301,13.0437962
ORDJ10454,2018-01-03,08:00:00,Breakfast,TP,"[('Eggs', 8), ('Cereal', 3), ('Pancake', 9), ('Coffee', 7)]",509.75,-37.813523,144.941156,1,10.013,6.2326175
ORDA08902,2018-09-01,16:06:45,Dinner,BK,"[('Salmon', 6), ('Pasta', 3)]",328.5,-37.8098935,144.9417416,0,10.642,19.9159478
ORDY06406,2018-12-25,19:49:51,Dinner,TP,"[('Salmon', 9), ('Shrimp', 4)]",585.0,-37.8220446,144.9697701,0,7.85,12.5857062
ORDZ05899,2018-03-01,09:51:32,Breakfast,NS,"[('Eggs', 6), ('Pancake', 7), ('Coffee', 6), ('Cereal', 6)]",472.75,-37.8208282,144.9680865,0,8.803,13.3504173
ORDX05762,2018-07-31,14:55:46,Lunch,BK,"[('Steak', 4), ('Fries', 4), ('Burger', 9), ('Chicken', 3), ('Salad', 7)]",723.4,-37.8120981,144.9738677,0,6.764,12.5296745
ORDK09633,2018-02-26,09:51:32,Breakfast,BK,"[('Eggs', 8), ('Pancake', 3), ('Cereal', 10)]",458.75,-37.8132998,144.9954611,0,4.818,9.5600156
ORDK08006,2018-03-05,10:01:41,Breakfast,BK,"[('Coffee', 7), ('Cereal', 1)]",73.5,-37.802148,144.9850819,0,6.181,11.3860047
ORDJ01039,2018-04-26,11:43:05,Breakfast,TP,"[('Cereal', 5), ('Coffee', 2)]",120.0,-37.8052062,144.933888,0,10.882,13.2481519
ORDZ01340,2018-06-17,13:24:30,Lunch,NS,"[('Burger', 9), ('Steak', 6)]",549.0,-37.8008794,144.9650005,0,6.626,13.6266473
ORDC07408,2018-10-04,17:07:36,Dinner,NS,"[('Pasta', 2), ('Fish&Chips', 2), ('Salmon', 2)]",207.0,-37.820764,144.9671687,0,8.837,22.2407934
ORDJ03578,2018-05-25,12:43:56,Lunch,TP,"[('Steak', 8), ('Chicken', 2), ('Burger', 1), ('Fries', 6), ('Salad', 9)]",681.8,-37.8250893,144.9571519,0,8.059,11.7095053
ORDB01653,2018-07-16,14:25:21,Lunch,TP,"[('Steak', 2), ('Salad', 5), ('Fries', 9), ('Burger', 7)]",501.0,-37.805603,144.9948279,0,11.007,13.293934
ORDA09455,2018-08-17,15:36:20,Lunch,BK,"[('Salad', 4), ('Burger', 8), ('Steak', 3), ('Chicken', 7), ('Fries', 4)]",723.8,-37.8087588,144.942034,0,9.797,15.2677802
ORDJ00386,2018-10-28,17:58:18,Dinner,TP,"[('Shrimp', 8), ('Pasta', 3)]",514.5,-37.8165074,144.9685455,0,8.034,13.7318242
ORDC09099,2018-09-14,16:27:02,Dinner,NS,"[('Pasta', 6), ('Fish&Chips', 6), ('Shrimp', 6), ('Salmon', 10)]",1109.0,-37.8172556,144.9645399,0,8.399,14.6737935
ORDY00138,2018-05-16,12:23:39,Lunch,TP,"[('Salad', 5), ('Chicken', 5)]",246.0,-37.7988492,144.9596313,0,9.94,13.4243832
ORDC07052,2018-10-19,17:38:01,Dinner,NS,"[('Salmon', 2), ('Pasta', 7), ('Shrimp', 4)]",490.5,-37.8188827,144.9654991,0,8.618,14.7577836
ORDJ05322,2018-09-16,16:27:02,Dinner,TP,"[('Shrimp', 8), ('Pasta', 8), ('Salmon', 5)]",857.0,-37.8041735,144.9643661,0,9.373,14.3277307
ORDB07160,2018-02-13,09:21:07,Breakfast,TP,"[('Coffee', 4), ('Pancake', 9), ('Eggs', 4), ('Cereal', 7)]",483.25,-37.8024029,144.9269069,0,11.64,13.6677896
ORDY08232,2018-07-20,14:35:29,Lunch,TP,"[('Chicken', 10), ('Fries', 7), ('Burger', 10), ('Steak', 7), ('Salad', 2)]",1063.4,-37.8185281,144.9540247,0,8.458,11.5335811
ORDJ00909,2018-09-29,16:57:27,Dinner,TP,"[('Pasta', 6), ('Salmon', 7)]",452.0,-37.810583,144.9642195,0,8.531,13.9387261
ORDA09779,2018-06-29,13:54:55,Lunch,BK,"[('Chicken', 5), ('Salad', 4), ('Steak', 6), ('Fries', 10), ('Burger', 8)]",866.8,-37.8279536,144.9864932,0,7.904,13.219221
ORDK09594,2018-09-07,16:16:54,Dinner,BK,"[('Pasta', 8), ('Salmon', 6)]",466.0,-37.8176138,144.9730313,0,7.206,14.3917968
ORDC00344,2018-11-08,18:18:35,Dinner,NS,"[('Shrimp', 5), ('Fish&Chips', 3), ('Pasta', 5), ('Salmon', 6)]",758.5,-37.8098341,144.9890733,0,8.496,14.3120911
ORDK00541,2018-09-23,16:47:19,Dinner,BK,"[('Pasta', 2), ('Fish&Chips', 4)]",195.0,-37.8208445,144.9475536,0,9.319,18.5665257
ORDY06520,2018-08-27,15:56:37,Lunch,TP,"[('Fries', 2), ('Chicken', 5), ('Burger', 4), ('Salad', 8), ('Steak', 1)]",490.6,-37.8190279,144.954338,0,8.389,12.5906702
ORDI01140,2018-05-08,12:13:31,Lunch,NS,"[('Steak', 9), ('Chicken', 9), ('Salad', 9)]",847.8,-37.8186212,144.9653171,0,8.559,13.9658209
ORDK06403,2018-12-28,20:00:00,Dinner,BK,"[('Fish&Chips', 9), ('Pasta', 8), ('Salmon', 7), ('Shrimp', 10)]",1362.0,-37.8195534,144.9526443,0,8.842,15.3229191
ORDJ06082,2018-12-19,19:39:43,Dinner,TP,"[('Fish&Chips', 9), ('Shrimp', 3)]",477.0,-37.8147009,144.9360494,0,10.632,14.7057916
ORDA01002,2018-12-21,19:39:43,Dinner,BK,"[('Pasta', 2), ('Shrimp', 4), ('Salmon', 3)]",394.0,-37.8146922,144.9375458,0,9.942,17.1093784
ORDZ09091,2018-10-18,17:38:01,Dinner,NS,"[('Pasta', 3), ('Shrimp', 5)]",352.5,-37.8027362,144.9511178,0,8.086,14.1901625
ORDY07812,2018-12-10,19:19:26,Dinner,TP,"[('Pasta', 8), ('Salmon', 2), ('Shrimp', 10)]",842.0,-37.8252827,144.9480362,0,8.786,13.5839987
ORDA05372,2018-06-13,13:24:30,Lunch,BK,"[('Steak', 7), ('Burger', 4), ('Fries', 4)]",487.0,-37.8010772,144.9723101,0,7.305,13.2502326
ORDB10428,2018-09-28,16:57:27,Dinner,TP,"[('Pasta', 8), ('Salmon', 5), ('Fish&Chips', 9)]",740.0,-37.810586,144.9501666,0,9.361,13.6221114
ORDZ01150,2018-12-03,19:09:17,Dinner,NS,"[('Shrimp', 2), ('Fish&Chips', 3)]",213.0,-37.8185738,144.9662748,0,8.536,15.3374758
ORDK03731,2018-10-21,17:38:01,Dinner,BK,"[('Pasta', 3), ('Salmon', 9)]",451.5,-37.8178794,144.9929848,0,5.405,14.6612312
ORDI03710,2018-06-21,13:34:38,Lunch,NS,"[('Burger', 4), ('Steak', 4), ('Chicken', 5), ('Salad', 2), ('Fries', 1)]",510.4,-37.8213537,144.9525075,0,9.572,14.9823831
ORDA00099,2018-04-06,11:02:32,Breakfast,BK,"[('Coffee', 10), ('Pancake', 6), ('Cereal', 4)]",304.5,-37.8038884,144.9643837,0,7.567,12.5591702
ORDC04252,2018-10-01,16:57:27,Dinner,NS,"[('Fish&Chips', 2), ('Shrimp', 8), ('Salmon', 7)]",789.0,-37.8245429,144.9528863,0,10.002,16.1210969
ORDA10533,2018-08-05,15:05:54,Lunch,BK,"[('Fries', 5), ('Salad', 7)]",180.4,-37.8057114,144.9309004,0,10.484,19.2644014
ORDI00699,2018-11-08,18:18:35,Dinner,NS,"[('Shrimp', 4), ('Fish&Chips', 6)]",426.0,-37.8146111,144.9904055,0,9.076,15.0307657
ORDC01879,2018-08-06,15:05:54,Lunch,NS,"[('Steak', 9), ('Fries', 10)]",525.0,-37.8111877,144.9674548,0,7.448,12.8186768
ORDB08652,2018-11-21,18:49:00,Dinner,TP,"[('Pasta', 4), ('Shrimp', 8), ('Salmon', 8), ('Fish&Chips', 9)]",1185.0,-37.8031045,144.9905,0,10.844,15.0550295
ORDX05932,2018-10-20,17:38:01,Dinner,BK,"[('Salmon', 4), ('Shrimp', 8), ('Pasta', 5)]",733.5,-37.809932,144.9784969,0,6.154,15.9535056
ORDB00642,2018-09-14,16:27:02,Dinner,TP,"[('Pasta', 10), ('Salmon', 3), ('Shrimp', 10), ('Fish&Chips', 4)]",1078.0,-37.8098476,144.9287891,0,11.251,14.6941237
ORDC06208,2018-12-08,19:19:26,Dinner,NS,"[('Shrimp', 5), ('Pasta', 2), ('Salmon', 1), ('Fish&Chips', 8)]",646.0,-37.8201996,144.9921034,0,9.628,17.7154187
ORDA07381,2018-07-28,14:55:46,Lunch,BK,"[('Salad', 1), ('Steak', 3), ('Fries', 10)]",272.2,-37.824062,144.9848639,0,6.663,14.8631859
ORDI08169,2018-11-05,18:08:27,Dinner,NS,"[('Pasta', 7), ('Shrimp', 2), ('Salmon', 6), ('Fish&Chips', 7)]",791.5,-37.8164402,144.9633924,0,8.344,14.3982972
ORDK10350,2018-08-18,15:36:20,Lunch,BK,"[('Chicken', 3), ('Burger', 3)]",189.0,-37.8104531,145.0037593,0,3.851,11.7655878
ORDX09468,2018-03-24,10:42:15,Breakfast,BK,"[('Cereal', 9), ('Coffee', 2), ('Pancake', 10), ('Eggs', 4)]",534.5,-37.8200337,145.0158648,0,4.608,11.8637653
ORDX05500,2018-02-24,09:41:24,Breakfast,BK,"[('Eggs', 5), ('Cereal', 4), ('Pancake', 1)]",218.25,-37.8117936,145.008416,0,3.431,10.6394233
ORDX09706,2018-05-25,12:43:56,Lunch,BK,"[('Steak', 5), ('Burger', 7), ('Fries', 5)]",502.0,-37.8238926,144.9490621,0,9.402,15.6235344
ORDB07529,2018-10-17,17:38:01,Dinner,TP,"[('Pasta', 1), ('Fish&Chips', 8), ('Salmon', 3), ('Shrimp', 7)]",808.5,-37.8019407,144.952397,0,9.953,14.408621
ORDC04791,2018-01-30,08:50:42,Breakfast,NS,"[('Coffee', 6), ('Pancake', 5), ('Cereal', 6)]",292.25,-37.8068807,144.974953,0,7.102,11.598822
ORDY06345,2018-06-25,13:44:47,Lunch,TP,"[('Salad', 8), ('Burger', 9)]",416.6,-37.8247646,144.9828153,0,8.936,12.408421
ORDB01670,2018-05-17,12:33:48,Lunch,TP,"[('Salad', 7), ('Burger', 4), ('Fries', 7), ('Steak', 5), ('Chicken', 9)]",841.4,-37.814967,144.9451251,0,9.556,12.670126
ORDC02576,2018-04-29,11:53:14,Breakfast,NS,"[('Cereal', 9), ('Eggs', 3), ('Coffee', 3)]",277.5,-37.8155823,144.9867456,0,8.871,15.7500874
ORDZ02603,2018-10-24,17:48:10,Dinner,NS,"[('Salmon', 3), ('Shrimp', 4), ('Pasta', 8)]",559.0,-37.819261,144.9635501,0,8.79,14.6023177
ORDB05457,2018-11-02,18:08:27,Dinner,TP,"[('Salmon', 1), ('Fish&Chips', 2)]",111.0,-37.8097472,144.9710871,0,9.01,12.5663781
ORDX06716,2018-05-06,12:03:22,Lunch,BK,"[('Chicken', 3), ('Steak', 9), ('Fries', 8), ('Burger', 9), ('Salad', 4)]",944.8,-37.8153813,144.9909646,0,5.372,13.1174436
ORDX04285,2018-08-06,15:05:54,Lunch,BK,"[('Salad', 3), ('Burger', 3), ('Steak', 5), ('Chicken', 6), ('Fries', 10)]",681.6,-37.8028334,144.9479479,0,8.883,14.5950815
ORDJ02239,2018-01-05,08:00:00,Breakfast,TP,"[('Coffee', 10), ('Pancake', 4)]",172.0,-37.8142368,144.9372396,1,10.763,6.9861072
ORDY00399,2018-10-28,17:58:18,Dinner,TP,"[('Shrimp', 8), ('Pasta', 5), ('Salmon', 2)]",651.5,-37.8088022,144.9485653,0,9.648,15.1249871
ORDB09683,2018-11-08,18:18:35,Dinner,TP,"[('Pasta', 3), ('Salmon', 2)]",164.5,-37.8162009,144.9642033,0,7.768,12.3947262
ORDX08169,2018-08-03,15:05:54,Lunch,BK,"[('Steak', 9), ('Burger', 2), ('Chicken', 5), ('Fries', 4)]",675.0,-37.8194705,144.9719779,0,7.892,13.7843113
ORDA05788,2018-06-24,13:44:47,Lunch,BK,"[('Fries', 5), ('Salad', 4), ('Steak', 10), ('Chicken', 8)]",834.8,-37.8249299,144.9828047,0,7.109,7.66223
ORDC09847,2018-09-03,16:06:45,Dinner,NS,"[('Pasta', 5), ('Salmon', 10), ('Shrimp', 3)]",709.5,-37.811487,144.9724283,0,7.467,13.1222066
ORDK07964,2018-03-09,10:11:49,Breakfast,BK,"[('Coffee', 10), ('Cereal', 1), ('Pancake', 5), ('Eggs', 6)]",349.25,-37.8061836,144.9588416,0,7.804,12.5434649
ORDZ06974,2018-04-09,11:12:40,Breakfast,NS,"[('Eggs', 2), ('Pancake', 3), ('Cereal', 8), ('Coffee', 7)]",337.25,-37.8206199,144.9487372,0,9.701,14.5574212
ORDK01525,2018-06-13,13:24:30,Lunch,BK,"[('Chicken', 6), ('Salad', 9), ('Burger', 7), ('Steak', 9)]",968.8,-37.8114334,144.9513213,0,8.618,14.419475
ORDA06298,2018-03-28,10:42:15,Breakfast,BK,"[('Cereal', 8), ('Coffee', 3), ('Eggs', 7), ('Pancake', 10)]",587.0,-37.8068265,144.9595076,0,7.867,12.7611063
ORDZ06497,2018-08-14,15:26:11,Lunch,NS,"[('Salad', 6), ('Steak', 7)]",418.2,-37.8113585,145.0017717,0,9.817,15.0237211
ORDY01150,2018-01-19,08:30:25,Breakfast,TP,"[('Cereal', 6), ('Pancake', 2)]",174.5,-37.8143802,144.9382043,1,10.327,2.96007005
ORDB01416,2018-04-15,11:22:49,Breakfast,TP,"[('Eggs', 2), ('Coffee', 1), ('Cereal', 6), ('Pancake', 10)]",420.0,-37.81434,144.9546842,0,8.629,13.230345
ORDK07949,2018-04-21,11:32:57,Breakfast,BK,"[('Eggs', 8), ('Pancake', 6)]",321.5,-37.8188198,144.9533123,0,8.8,16.128235
ORDC10034,2018-05-02,11:53:14,Breakfast,NS,"[('Cereal', 1), ('Eggs', 6), ('Coffee', 2), ('Pancake', 10)]",410.5,-37.8086478,144.9529789,0,8.501,13.4220201
ORDX08281,2018-02-18,09:31:16,Breakfast,BK,"[('Eggs', 4), ('Coffee', 5), ('Cereal', 2), ('Pancake', 5)]",288.75,-37.8049506,144.9275568,0,10.742,17.8576461
ORDZ02870,2018-12-31,20:00:00,Dinner,NS,"[('Shrimp', 5), ('Pasta', 8), ('Fish&Chips', 10)]",840.0,-37.8042619,145.0071916,0,9.861,16.0377659
ORDB11026,2018-10-09,17:17:44,Dinner,TP,"[('Pasta', 1), ('Shrimp', 9), ('Fish&Chips', 5)]",688.5,-37.8141139,144.9714122,0,8.421,12.9692066
ORDI09372,2018-11-04,18:08:27,Dinner,NS,"[('Shrimp', 9), ('Fish&Chips', 6)]",696.0,-37.812793,144.9431557,0,9.304,16.9577706
ORDY06326,2018-12-13,19:29:34,Dinner,TP,"[('Shrimp', 7), ('Pasta', 3)]",460.5,-37.8237612,144.9562133,0,7.971,12.2621421
ORDX00789,2018-03-05,10:01:41,Breakfast,BK,"[('Pancake', 8), ('Cereal', 3)]",257.0,-37.8128209,144.9680257,0,7.266,5.6841594
ORDX02027,2018-10-03,17:07:36,Dinner,BK,"[('Salmon', 8), ('Shrimp', 10)]",868.0,-37.8120246,144.9518268,0,8.595,15.0530262
ORDB04559,2018-07-28,14:55:46,Lunch,TP,"[('Fries', 7), ('Steak', 6)]",354.0,-37.8048891,144.9880041,0,10.569,15.2924038
ORDJ06429,2018-07-14,14:25:21,Lunch,TP,"[('Steak', 9), ('Burger', 6), ('Chicken', 1), ('Fries', 5)]",683.0,-37.8190269,145.0038187,0,10.928,15.0720421
ORDJ03615,2018-05-22,12:33:48,Lunch,TP,"[('Salad', 9), ('Steak', 6)]",424.8,-37.8181546,144.9954403,0,10.179,13.2952697
ORDC04702,2018-07-21,14:35:29,Lunch,NS,"[('Salad', 9), ('Fries', 10), ('Steak', 9), ('Burger', 8), ('Chicken', 10)]",1247.8,-37.8260078,144.9821994,0,9.367,16.3509538
ORDZ03865,2018-12-21,19:39:43,Dinner,NS,"[('Fish&Chips', 6), ('Shrimp', 9)]",696.0,-37.8149505,144.9377017,0,9.848,16.1996047
ORDI07086,2018-05-13,12:23:39,Lunch,NS,"[('Fries', 3), ('Chicken', 1), ('Steak', 3), ('Burger', 10), ('Salad', 7)]",633.4,-37.8190083,144.9618741,0,8.79,16.0357639
ORDX01727,2018-05-14,12:23:39,Lunch,BK,"[('Steak', 9), ('Fries', 1), ('Burger', 5), ('Salad', 2), ('Chicken', 6)]",798.4,-37.8070442,144.9630675,0,7.681,13.5671891
ORDC03452,2018-01-16,08:30:25,Breakfast,NS,"[('Coffee', 10), ('Cereal', 9), ('Pancake', 10)]",506.5,-37.8141178,144.9378554,1,9.85,7.2751068
ORDX06145,2018-12-19,19:39:43,Dinner,BK,"[('Shrimp', 6), ('Pasta', 9)]",571.5,-37.8251364,144.9898498,0,6.39,13.1268201
ORDZ10813,2018-04-27,11:53:14,Breakfast,NS,"[('Coffee', 2), ('Eggs', 2)]",59.0,-37.8232442,144.9680212,0,9.045,14.2881036
ORDA05331,2018-08-05,15:05:54,Lunch,BK,"[('Burger', 8), ('Chicken', 3), ('Salad', 7), ('Fries', 5), ('Steak', 7)]",839.4,-37.8123649,144.9544336,0,8.276,24.313816799999998
ORDB11105,2018-01-24,08:40:33,Breakfast,TP,"[('Pancake', 6), ('Cereal', 2), ('Coffee', 2)]",202.5,-37.8014061,144.9547701,0,9.815,12.393614
ORDJ04296,2018-09-19,16:37:10,Dinner,TP,"[('Shrimp', 3), ('Fish&Chips', 2)]",232.0,-37.8140119,144.9560524,0,8.535,12.7598181
ORDB06160,2018-05-03,12:03:22,Lunch,TP,"[('Burger', 9), ('Salad', 2), ('Fries', 7)]",397.4,-37.800966,144.9870509,0,10.752,7.02738585
ORDB06662,2018-07-04,14:05:04,Lunch,TP,"[('Chicken', 7), ('Fries', 2)]",248.0,-37.8124537,144.936279,0,10.577,6.9857063
ORDA00589,2018-10-22,17:48:10,Dinner,BK,"[('Shrimp', 10), ('Pasta', 5), ('Salmon', 7), ('Fish&Chips', 1)]",999.5,-37.8139564,144.9379502,0,9.947,17.1209557
ORDA06820,2018-01-02,08:00:00,Breakfast,BK,"[('Eggs', 5), ('Pancake', 6), ('Coffee', 3), ('Cereal', 5)]",383.0,-37.8128215,144.9431476,1,9.396,6.9316668
ORDK03252,2018-11-02,18:08:27,Dinner,BK,"[('Shrimp', 5), ('Fish&Chips', 1), ('Pasta', 9), ('Salmon', 3)]",675.5,-37.8104033,144.9990862,0,4.216,10.5155755
ORDC05602,2018-07-30,14:55:46,Lunch,NS,"[('Chicken', 10), ('Fries', 3), ('Salad', 1), ('Burger', 2), ('Steak', 8)]",795.2,-37.8151717,144.9450809,0,9.19,14.7972685
ORDI01572,2018-10-19,17:38:01,Dinner,NS,"[('Shrimp', 10), ('Pasta', 7), ('Fish&Chips', 1), ('Salmon', 9)]",1136.5,-37.8131879,144.9903765,0,9.002,14.6540254
ORDA00971,2018-03-15,10:21:58,Breakfast,BK,"[('Eggs', 6), ('Pancake', 4), ('Coffee', 5), ('Cereal', 8)]",434.5,-37.7993718,145.0050504,0,4.953,10.2169261
ORDJ03994,2018-02-19,09:31:16,Breakfast,TP,"[('Coffee', 1), ('Eggs', 6)]",139.5,-37.8024197,144.934978,0,10.96,12.8888153
ORDI09225,2018-11-07,18:18:35,Dinner,NS,"[('Pasta', 5), ('Fish&Chips', 5), ('Salmon', 7)]",599.5,-37.8123565,144.9624458,0,7.85,14.3905882
ORDB03862,2018-03-05,10:01:41,Breakfast,TP,"[('Coffee', 6), ('Pancake', 6)]",190.5,-37.8058962,144.9443458,0,10.092,12.1968474
ORDA01651,2018-07-25,14:45:38,Lunch,BK,"[('Fries', 9), ('Steak', 5), ('Burger', 4), ('Chicken', 5)]",617.0,-37.7937749,144.9584623,0,9.04,14.819115
ORDZ06509,2018-03-08,10:11:49,Breakfast,NS,"[('Eggs', 10), ('Cereal', 9), ('Coffee', 5)]",446.5,-37.8079398,144.9733751,0,7.099,11.8639091
ORDX05764,2018-06-10,13:14:21,Lunch,BK,"[('Chicken', 4), ('Burger', 2), ('Salad', 5), ('Steak', 4)]",456.0,-37.8011793,144.9739477,0,7.218,15.5887083
ORDK10196,2018-01-17,08:30:25,Breakfast,BK,"[('Eggs', 7), ('Pancake', 9), ('Coffee', 1)]",379.75,-37.8087762,145.0086454,1,3.642,4.2438956
ORDA00245,2018-07-31,14:55:46,Lunch,BK,"[('Chicken', 4), ('Salad', 10), ('Fries', 8), ('Steak', 6)]",666.0,-37.8115651,144.9834455,0,5.762,11.6808627
ORDI04617,2018-07-20,14:35:29,Lunch,NS,"[('Chicken', 9), ('Steak', 10), ('Burger', 5), ('Fries', 3), ('Salad', 4)]",997.8,-37.8230452,145.012743,0,11.647,17.3816945
ORDI01182,2018-01-14,08:20:16,Breakfast,NS,"[('Cereal', 2), ('Eggs', 10)]",262.0,-37.8173966,144.988347,1,9.133,7.4406841
ORDB07548,2018-08-30,15:56:37,Lunch,TP,"[('Chicken', 5), ('Salad', 9), ('Fries', 9), ('Steak', 6), ('Burger', 10)]",1002.8,-37.8077887,144.9397208,0,10.268,13.3218473
ORDZ04493,2018-06-13,13:24:30,Lunch,NS,"[('Steak', 3), ('Burger', 2), ('Salad', 5)]",283.0,-37.7992575,144.9895341,0,8.072,13.6983734
ORDA10840,2018-12-06,19:09:17,Dinner,BK,"[('Salmon', 7), ('Pasta', 4)]",397.0,-37.8155922,144.9665938,0,7.518,14.6418576
ORDJ06059,2018-02-18,09:31:16,Breakfast,TP,"[('Pancake', 2), ('Cereal', 1), ('Eggs', 7)]",223.5,-37.8071812,144.9837991,0,9.902,13.2948929
ORDJ04626,2018-01-25,08:40:33,Breakfast,TP,"[('Pancake', 3), ('Cereal', 1), ('Coffee', 6), ('Eggs', 7)]",292.75,-37.8088541,144.9362498,0,10.515,13.3831447
ORDY03668,2018-03-10,10:11:49,Breakfast,TP,"[('Eggs', 8), ('Coffee', 8)]",236.0,-37.8242638,145.0144299,0,11.796,15.6750419
ORDZ08446,2018-03-26,10:42:15,Breakfast,NS,"[('Cereal', 8), ('Eggs', 5)]",278.0,-37.8194657,144.9985596,0,10.113,14.7999855
ORDK06644,2018-10-13,17:27:53,Dinner,BK,"[('Fish&Chips', 1), ('Pasta', 8), ('Shrimp', 7)]",633.0,-37.8211412,144.9554276,0,8.571,17.6949888
ORDA05776,2018-08-08,15:16:03,Lunch,BK,"[('Steak', 2), ('Chicken', 2), ('Salad', 7), ('Fries', 10)]",394.4,-37.8011862,144.9631305,0,8.072,14.343321
ORDB06607,2018-11-02,18:08:27,Dinner,TP,"[('Salmon', 2), ('Shrimp', 9), ('Pasta', 4), ('Fish&Chips', 10)]",1028.0,-37.8184412,144.9688053,0,7.919,11.5341147
ORDA01361,2018-04-07,11:12:40,Breakfast,BK,"[('Pancake', 3), ('Coffee', 6), ('Cereal', 3)]",180.75,-37.8183864,145.0130674,0,4.213,11.287161
ORDY03620,2018-12-05,19:09:17,Dinner,TP,"[('Pasta', 6), ('Fish&Chips', 4), ('Shrimp', 3)]",467.0,-37.8187764,144.9553333,0,8.294,12.4053666
ORDY01039,2018-08-29,15:56:37,Lunch,TP,"[('Salad', 10), ('Steak', 2)]",262.0,-37.8174231,144.9460748,0,9.347,12.5690348
ORDZ03683,2018-06-11,13:14:21,Lunch,NS,"[('Steak', 2), ('Chicken', 5), ('Salad', 5)]",336.0,-37.8149853,144.9602491,0,8.319,13.4555759
ORDJ07591,2018-04-20,11:32:57,Breakfast,TP,"[('Coffee', 3), ('Pancake', 1), ('Eggs', 8), ('Cereal', 2)]",264.75,-37.8188737,144.9527811,0,8.58,11.085524
ORDY08547,2018-02-15,09:21:07,Breakfast,TP,"[('Eggs', 7), ('Cereal', 1)]",175.0,-37.8075592,144.9547738,0,9.183,12.3003212
ORDZ08063,2018-09-09,16:16:54,Dinner,NS,"[('Salmon', 7), ('Fish&Chips', 8), ('Shrimp', 1), ('Pasta', 3)]",703.5,-37.8230006,144.9550492,0,9.597,17.513232
ORDK01106,2018-05-25,12:43:56,Lunch,BK,"[('Steak', 7), ('Fries', 7)]",399.0,-37.8250195,144.9570327,0,8.842,14.6505501
ORDX03772,2018-02-09,09:10:59,Breakfast,BK,"[('Cereal', 8), ('Coffee', 9)]",235.5,-37.8147538,144.968845,0,7.308,12.3214039
ORDA06717,2018-11-10,18:18:35,Dinner,BK,"[('Shrimp', 2), ('Fish&Chips', 8)]",388.0,-37.8166574,144.9712319,0,7.95,17.161144
ORDI07370,2018-06-09,13:14:21,Lunch,NS,"[('Salad', 7), ('Burger', 1)]",151.4,-37.8043313,144.9483399,0,8.572,15.8793503
ORDK00069,2018-02-04,09:00:50,Breakfast,BK,"[('Pancake', 1), ('Cereal', 5), ('Coffee', 10)]",204.25,-37.8225799,144.9610311,0,8.348,16.0990439
ORDY04287,2018-07-24,14:45:38,Lunch,TP,"[('Burger', 5), ('Salad', 2)]",189.4,-37.805381,144.9363949,0,10.758,21.480276
ORDZ08666,2018-07-28,14:55:46,Lunch,NS,"[('Burger', 10), ('Salad', 7), ('Chicken', 7)]",654.4,-37.809935,144.9584805,0,7.955,15.4248158
ORDX03718,2018-07-07,14:15:12,Lunch,BK,"[('Salad', 9), ('Steak', 4), ('Chicken', 6)]",526.8,-37.8187309,144.961279,0,8.035,16.2484911
ORDC03378,2018-04-24,11:43:05,Breakfast,NS,"[('Eggs', 3), ('Cereal', 7), ('Pancake', 6)]",358.5,-37.8187501,144.9533484,0,9.224,14.4675364
ORDZ06939,2018-06-17,13:34:38,Lunch,NS,"[('Chicken', 1), ('Salad', 7), ('Fries', 5)]",212.4,-37.815779,144.946163,0,9.199,16.531443
ORDC10217,2018-03-18,10:32:06,Breakfast,NS,"[('Eggs', 7), ('Coffee', 8), ('Cereal', 2)]",256.0,-37.8232251,144.9862043,0,9.239,15.9942403
ORDJ00500,2018-07-04,14:05:04,Lunch,TP,"[('Fries', 4), ('Chicken', 3)]",144.0,-37.8041839,145.0028001,0,11.796,22.8895929
ORDK06906,2018-09-29,16:57:27,Dinner,BK,"[('Salmon', 1), ('Fish&Chips', 8), ('Shrimp', 9)]",807.0,-37.8069542,144.9542763,0,8.354,17.4464516
ORDJ09585,2018-12-16,19:29:34,Dinner,TP,"[('Salmon', 9), ('Fish&Chips', 7), ('Pasta', 6)]",779.0,-37.8244809,144.9453486,0,9.0,14.8104323
ORDI05812,2018-09-14,16:27:02,Dinner,NS,"[('Shrimp', 8), ('Pasta', 2)]",487.0,-37.8068981,144.9427301,0,9.268,15.6289896
ORDA06459,2018-04-08,11:12:40,Breakfast,BK,"[('Cereal', 2), ('Pancake', 4), ('Coffee', 7), ('Eggs', 3)]",257.5,-37.8175921,144.9672221,0,7.44,21.761823749999998
ORDY07455,2018-09-17,16:37:10,Dinner,TP,"[('Pasta', 7), ('Shrimp', 4), ('Salmon', 2), ('Fish&Chips', 2)]",560.5,-37.8113012,144.9517314,0,9.136,6.49697035
ORDJ04811,2018-12-30,20:00:00,Dinner,TP,"[('Fish&Chips', 8), ('Salmon', 1), ('Pasta', 10), ('Shrimp', 7)]",974.0,-37.8257965,144.9680325,0,8.164,14.0951054
ORDA07154,2018-06-06,13:04:13,Lunch,BK,"[('Salad', 8), ('Fries', 10)]",257.6,-37.8242002,144.9526999,0,9.068,14.9236725
ORDX10311,2018-02-16,09:31:16,Breakfast,BK,"[('Cereal', 9), ('Pancake', 9), ('Eggs', 2)]",451.25,-37.7998888,144.9460815,0,9.25,14.4592619
ORDK05960,2018-12-28,20:00:00,Dinner,BK,"[('Pasta', 2), ('Fish&Chips', 10), ('Salmon', 4)]",569.0,-37.8150052,144.9592995,0,11.28,18.321591
ORDA04359,2018-10-14,17:27:53,Dinner,BK,"[('Pasta', 8), ('Shrimp', 5), ('Salmon', 7)]",777.0,-37.8113945,144.9958138,0,4.6,13.8814806
ORDC07693,2018-01-01,08:00:00,Breakfast,NS,"[('Pancake', 10), ('Coffee', 8)]",302.5,-37.8242288,144.9848327,1,9.378,7.282538
ORDK01678,2018-04-30,11:53:14,Breakfast,BK,"[('Coffee', 2), ('Pancake', 2), ('Eggs', 3), ('Cereal', 3)]",192.5,-37.799956,144.9549571,0,8.51,13.4630782
ORDZ05753,2018-02-12,09:21:07,Breakfast,NS,"[('Coffee', 9), ('Cereal', 2), ('Eggs', 6), ('Pancake', 4)]",338.5,-37.8156509,144.9741108,0,8.049,12.8639103
ORDX03601,2018-06-05,13:04:13,Lunch,BK,"[('Steak', 10), ('Fries', 9), ('Burger', 7), ('Chicken', 3)]",871.0,-37.8113309,144.9294072,0,11.421,17.5691576
ORDI00465,2018-09-12,16:27:02,Dinner,NS,"[('Salmon', 2), ('Fish&Chips', 7), ('Pasta', 1), ('Shrimp', 3)]",516.5,-37.8038491,144.9181006,0,11.41,17.9013837
ORDJ00498,2018-11-05,18:08:27,Dinner,TP,"[('Shrimp', 9), ('Salmon', 5), ('Pasta', 1)]",718.5,-37.8160295,144.9636726,0,7.906,12.4176763
ORDX07452,2018-09-14,16:27:02,Dinner,BK,"[('Pasta', 4), ('Fish&Chips', 2), ('Shrimp', 5), ('Salmon', 8)]",778.0,-37.8125676,144.9560798,0,8.237,15.2742134
ORDB03949,2018-10-26,17:48:10,Dinner,TP,"[('Pasta', 8), ('Salmon', 7), ('Fish&Chips', 10)]",857.0,-37.8063019,144.9973646,0,11.38,14.8645848
ORDK02142,2018-06-13,13:24:30,Lunch,BK,"[('Steak', 9), ('Burger', 2), ('Chicken', 2), ('Fries', 8)]",627.0,-37.8050431,144.9712845,0,7.04,13.2932456
ORDY00384,2018-09-10,16:16:54,Dinner,TP,"[('Pasta', 1), ('Fish&Chips', 9)]",342.5,-37.8004208,144.9898317,0,11.047,14.9395525
ORDX07116,2018-07-23,14:45:38,Lunch,BK,"[('Fries', 9), ('Steak', 3), ('Chicken', 1), ('Burger', 6), ('Salad', 8)]",598.6,-37.8236939,145.0137561,0,4.828,10.3050016
ORDX05191,2018-03-29,10:52:23,Breakfast,BK,"[('Pancake', 1), ('Coffee', 6), ('Cereal', 2), ('Eggs', 2)]",155.25,-37.8132952,144.9781089,0,6.33,10.9978133
ORDK01328,2018-11-22,18:49:00,Dinner,BK,"[('Shrimp', 5), ('Pasta', 7)]",462.5,-37.8134906,144.9310399,0,11.296,18.6784093
ORDA09720,2018-07-12,14:15:12,Lunch,BK,"[('Fries', 2), ('Burger', 3)]",117.0,-37.8093687,144.9684071,0,7.037,13.3766375
ORDB01131,2018-10-21,17:38:01,Dinner,TP,"[('Shrimp', 8), ('Salmon', 6), ('Pasta', 3)]",760.5,-37.8114807,144.9378319,0,10.364,16.247785
ORDB00664,2018-05-31,12:54:05,Lunch,TP,"[('Chicken', 6), ('Burger', 8), ('Fries', 8), ('Steak', 10), ('Salad', 2)]",1020.4,-37.8038035,145.0056593,0,12.082,15.11678
ORDA00378,2018-06-03,13:04:13,Lunch,BK,"[('Fries', 2), ('Burger', 1), ('Salad', 4), ('Chicken', 6)]",315.8,-37.7992088,144.9688243,0,7.753,16.2486652
ORDC08448,2018-07-06,14:05:04,Lunch,NS,"[('Salad', 10), ('Steak', 9), ('Chicken', 3)]",673.0,-37.81322,144.9390609,0,10.246,15.4588718
ORDK04959,2018-01-19,08:30:25,Breakfast,BK,"[('Coffee', 2), ('Cereal', 7), ('Eggs', 10)]",382.0,-37.8117394,144.9361524,0,10.566,15.6394526
ORDI05723,2018-09-05,16:06:45,Dinner,NS,"[('Shrimp', 2), ('Fish&Chips', 9)]",423.0,-37.8151161,144.927561,0,10.757,17.0393811
ORDZ08778,2018-10-03,17:07:36,Dinner,NS,"[('Pasta', 4), ('Shrimp', 3), ('Salmon', 3), ('Fish&Chips', 7)]",640.0,-37.8028533,144.9633724,0,6.996,12.9792219
ORDB11056,2018-02-27,09:51:32,Breakfast,TP,"[('Eggs', 6), ('Pancake', 2), ('Coffee', 4), ('Cereal', 5)]",315.5,-37.8097621,144.97591,0,9.169,11.8821562
ORDB05384,2018-03-11,10:11:49,Breakfast,TP,"[('Cereal', 1), ('Eggs', 5), ('Pancake', 4), ('Coffee', 3)]",250.5,-37.8031011,144.9633841,0,9.406,13.577935
ORDA00872,2018-08-07,15:16:03,Lunch,BK,"[('Chicken', 2), ('Fries', 2)]",88.0,-37.8111271,144.9583094,0,7.911,14.2621389
ORDI03695,2018-02-09,09:10:59,Breakfast,NS,"[('Pancake', 9), ('Cereal', 3), ('Eggs', 4), ('Coffee', 8)]",429.25,-37.8128817,144.9679693,0,7.65,12.3925509
ORDA10654,2018-06-24,13:44:47,Lunch,BK,"[('Burger', 1), ('Fries', 10), ('Steak', 8), ('Salad', 8)]",648.6,-37.8245784,144.9887206,0,6.414,14.6747702
ORDB00196,2018-11-02,18:08:27,Dinner,TP,"[('Shrimp', 10), ('Fish&Chips', 6), ('Pasta', 1), ('Salmon', 3)]",900.5,-37.8104033,144.9990862,0,10.959,15.0084863
ORDJ05870,2018-04-20,11:32:57,Breakfast,TP,"[('Pancake', 1), ('Eggs', 9), ('Cereal', 4), ('Coffee', 10)]",381.25,-37.8024434,144.9445601,0,10.333,12.4283154
ORDY08933,2018-11-18,18:38:52,Dinner,TP,"[('Salmon', 8), ('Pasta', 3)]",410.5,-37.8195195,145.0082389,0,11.325,17.1024933
ORDC03678,2018-09-25,16:47:19,Dinner,NS,"[('Fish&Chips', 2), ('Pasta', 3), ('Shrimp', 7), ('Salmon', 4)]",694.5,-37.8122009,145.0159702,0,10.852,16.5935206
ORDZ04899,2018-12-10,19:19:26,Dinner,NS,"[('Shrimp', 10), ('Salmon', 8)]",868.0,-37.8238096,144.9550555,0,9.737,15.7509602
ORDC05571,2018-07-22,14:35:29,Lunch,NS,"[('Steak', 2), ('Chicken', 2), ('Fries', 8), ('Salad', 5), ('Burger', 3)]",429.0,-37.8089785,144.9476338,0,8.844,16.4254967
ORDA02464,2018-01-25,08:40:33,Breakfast,BK,"[('Cereal', 1), ('Pancake', 5)]",142.25,-37.8122458,144.9621679,0,7.663,12.1339659
ORDK00837,2018-07-25,14:45:38,Lunch,BK,"[('Steak', 4), ('Fries', 8), ('Burger', 9)]",555.0,-37.8000728,144.963406,0,8.062,14.2382051
ORDA01592,2018-04-03,11:02:32,Breakfast,BK,"[('Pancake', 5), ('Cereal', 7), ('Coffee', 8)]",328.25,-37.8132194,144.9904666,0,5.268,9.9334045
ORDI05311,2018-12-12,19:29:34,Dinner,NS,"[('Fish&Chips', 4), ('Salmon', 3)]",263.0,-37.8139832,144.9645678,0,7.972,14.0023696
ORDA02266,2018-12-15,19:29:34,Dinner,BK,"[('Shrimp', 2), ('Pasta', 3)]",190.5,-37.8089652,144.9708184,0,6.848,16.2048512
ORDJ08325,2018-12-16,19:29:34,Dinner,TP,"[('Fish&Chips', 10), ('Salmon', 5), ('Shrimp', 9)]",1041.0,-37.8135186,144.9656215,0,8.202,13.2720999
ORDY05723,2018-04-02,10:52:23,Breakfast,TP,"[('Pancake', 2), ('Cereal', 7)]",195.5,-37.8172549,144.9531826,0,8.61,10.9375253
ORDB09263,2018-10-14,17:27:53,Dinner,TP,"[('Salmon', 3), ('Shrimp', 5), ('Pasta', 5), ('Fish&Chips', 7)]",775.5,-37.8187186,144.9644169,0,7.883,13.5288952
ORDZ07214,2018-10-10,17:17:44,Dinner,NS,"[('Salmon', 7), ('Shrimp', 4)]",503.0,-37.8116493,144.9528672,0,8.508,20.711428950000002
ORDA03043,2018-05-15,12:23:39,Lunch,BK,"[('Burger', 10), ('Chicken', 10), ('Fries', 1), ('Salad', 1)]",659.2,-37.8246844,144.9532331,0,9.187,14.9581321
ORDA10173,2018-03-31,10:52:23,Breakfast,BK,"[('Eggs', 1), ('Pancake', 5), ('Coffee', 1), ('Cereal', 4)]",234.75,-37.8059867,144.979449,0,6.243,13.5765915
ORDX09933,2018-01-05,08:00:00,Breakfast,BK,"[('Pancake', 6), ('Coffee', 5)]",183.0,-37.812409,144.9369316,1,10.228,7.5498509
ORDJ05766,2018-02-12,09:21:07,Breakfast,TP,"[('Coffee', 2), ('Eggs', 8), ('Cereal', 6), ('Pancake', 10)]",559.5,-37.8101791,144.9698524,0,8.882,11.8438198
ORDA04866,2018-04-28,11:53:14,Breakfast,BK,"[('Coffee', 3), ('Pancake', 8), ('Cereal', 7)]",363.5,-37.8224718,144.9694108,0,8.024,15.4553206
ORDC06216,2018-09-24,16:47:19,Dinner,NS,"[('Shrimp', 6), ('Salmon', 7)]",611.0,-37.8168138,144.9881655,0,9.053,14.9866869
ORDB01423,2018-02-01,09:00:50,Breakfast,TP,"[('Coffee', 4), ('Pancake', 7)]",199.75,-37.8205809,144.9791177,0,8.808,11.4930676
ORDI05782,2018-04-24,11:43:05,Breakfast,NS,"[('Coffee', 7), ('Cereal', 5)]",157.5,-37.8113345,144.958376,0,8.434,12.8954474
ORDC06326,2018-01-16,08:30:25,Breakfast,NS,"[('Pancake', 8), ('Coffee', 2), ('Eggs', 4)]",297.0,-37.8051508,144.9280879,1,10.561,8.1362629
ORDI03516,2018-05-20,12:33:48,Lunch,NS,"[('Fries', 7), ('Chicken', 2), ('Salad', 7), ('Burger', 6), ('Steak', 4)]",634.4,-37.8098082,144.9930308,0,8.843,15.9043326
ORDJ04285,2018-11-04,18:08:27,Dinner,TP,"[('Fish&Chips', 7), ('Pasta', 3)]",327.5,-37.8108563,144.952658,0,9.077,14.5232952
ORDA03426,2018-07-04,14:05:04,Lunch,BK,"[('Fries', 8), ('Chicken', 10), ('Burger', 3), ('Steak', 10), ('Salad', 3)]",1010.6,-37.8236612,144.9369122,0,10.487,16.6758686
ORDA05676,2018-05-18,12:33:48,Lunch,BK,"[('Salad', 9), ('Burger', 10), ('Steak', 6)]",734.8,-37.8149007,144.9450232,0,9.158,15.1738344
ORDZ10526,2018-01-01,08:00:00,Breakfast,NS,"[('Cereal', 8), ('Coffee', 5), ('Eggs', 6)]",337.5,-37.8044679,144.9388588,1,9.867,11.171646149999999
ORDJ06353,2018-09-13,16:27:02,Dinner,TP,"[('Pasta', 7), ('Shrimp', 2), ('Salmon', 5), ('Fish&Chips', 7)]",750.5,-37.8182224,144.9775283,0,8.604,12.8686545
ORDA07885,2018-12-20,19:39:43,Dinner,BK,"[('Salmon', 1), ('Pasta', 4), ('Fish&Chips', 1), ('Shrimp', 3)]",348.0,-37.8129796,144.9336409,0,11.212,18.3562594
ORDI04059,2018-12-15,19:29:34,Dinner,NS,"[('Shrimp', 4), ('Salmon', 9), ('Pasta', 1), ('Fish&Chips', 8)]",892.5,-37.8088814,144.9711115,0,7.163,15.4814853
ORDJ05698,2018-01-17,08:30:25,Breakfast,TP,"[('Cereal', 7), ('Coffee', 5)]",184.5,-37.8062519,144.9338027,1,10.842,6.499959
ORDB08231,2018-03-15,10:21:58,Breakfast,TP,"[('Cereal', 8), ('Coffee', 1), ('Eggs', 8)]",351.5,-37.7993718,145.0050504,0,12.516,14.5934775
ORDB06857,2018-04-12,11:12:40,Breakfast,TP,"[('Pancake', 7), ('Coffee', 9), ('Cereal', 1), ('Eggs', 8)]",434.25,-37.8185254,144.9652954,0,7.487,15.524009699999999
ORDA10942,2018-09-25,16:47:19,Dinner,BK,"[('Shrimp', 2), ('Salmon', 9), ('Fish&Chips', 2), ('Pasta', 9)]",794.5,-37.8034065,144.9665448,0,7.466,14.3014125
ORDB07399,2018-12-15,19:29:34,Dinner,TP,"[('Fish&Chips', 3), ('Salmon', 1), ('Pasta', 5)]",283.5,-37.8197185,144.9599089,0,7.717,13.081632
ORDI01128,2018-11-05,18:08:27,Dinner,NS,"[('Pasta', 6), ('Fish&Chips', 2), ('Salmon', 6)]",481.0,-37.8191505,144.9822611,0,8.894,23.0583174
ORDI06254,2018-12-21,19:39:43,Dinner,NS,"[('Salmon', 9), ('Shrimp', 2), ('Pasta', 9), ('Fish&Chips', 2)]",794.5,-37.817873,144.9486698,0,9.412,15.4891924
ORDA03750,2018-10-31,17:58:18,Dinner,BK,"[('Fish&Chips', 1), ('Salmon', 9)]",404.0,-37.8207747,144.9623002,0,8.099,14.919226
ORDC10107,2018-05-13,12:23:39,Lunch,NS,"[('Salad', 2), ('Chicken', 1)]",66.4,-37.8100586,144.935956,0,10.019,17.3560559
ORDC09470,2018-02-22,09:41:24,Breakfast,NS,"[('Pancake', 2), ('Cereal', 7), ('Coffee', 3), ('Eggs', 3)]",284.0,-37.8245545,144.9723329,0,9.246,13.752837
ORDY06287,2018-11-07,18:18:35,Dinner,TP,"[('Pasta', 5), ('Shrimp', 8), ('Salmon', 3)]",692.5,-37.8113418,144.9618468,0,8.367,12.3594564
ORDA10444,2018-05-08,12:13:31,Lunch,BK,"[('Salad', 1), ('Steak', 5), ('Fries', 5)]",302.2,-37.8247028,144.9428722,0,9.886,15.4643526
ORDX01693,2018-11-20,18:38:52,Dinner,BK,"[('Fish&Chips', 7), ('Pasta', 10), ('Shrimp', 7)]",898.0,-37.817809,144.9518045,0,9.084,16.360647
ORDX07977,2018-05-15,12:23:39,Lunch,BK,"[('Salad', 10), ('Steak', 5), ('Chicken', 9), ('Burger', 3), ('Fries', 5)]",838.0,-37.8082822,144.9713433,0,7.131,13.0668614
ORDA01643,2018-10-03,17:07:36,Dinner,BK,"[('Shrimp', 5), ('Fish&Chips', 2), ('Salmon', 1)]",381.0,-37.8028533,144.9633724,0,7.852,14.3123721
ORDJ10645,2018-01-28,08:50:42,Breakfast,TP,"[('Cereal', 8), ('Pancake', 3)]",240.75,-37.8102036,144.9370154,0,10.447,14.4796812
ORDX00926,2018-11-25,18:49:00,Dinner,BK,"[('Fish&Chips', 3), ('Salmon', 7)]",392.0,-37.8208667,144.9823617,0,6.607,15.8248411
ORDB01002,2018-08-13,15:26:11,Lunch,TP,"[('Chicken', 6), ('Burger', 5), ('Fries', 4), ('Salad', 1)]",412.2,-37.8133687,144.9650409,0,8.223,11.8737383
ORDY08727,2018-08-16,15:26:11,Lunch,TP,"[('Chicken', 3), ('Salad', 3)]",147.6,-37.8105932,145.0007346,0,11.102,13.9777311
ORDI00827,2018-10-24,17:48:10,Dinner,NS,"[('Fish&Chips', 6), ('Pasta', 9), ('Salmon', 2)]",539.5,-37.8205257,144.9663989,0,8.854,15.0060944
ORDZ02107,2018-07-27,14:45:38,Lunch,NS,"[('Salad', 3), ('Burger', 5), ('Fries', 1), ('Steak', 6)]",488.6,-37.8221722,144.9784874,0,8.927,13.9142919
ORDB00563,2018-09-05,16:06:45,Dinner,TP,"[('Pasta', 1), ('Fish&Chips', 1), ('Shrimp', 7)]",440.5,-37.8160985,144.928758,0,11.6,15.1437311
ORDJ07863,2018-12-07,19:19:26,Dinner,TP,"[('Salmon', 5), ('Fish&Chips', 3), ('Pasta', 9)]",557.5,-37.8170934,144.9570757,0,8.21,12.5282793
ORDX06209,2018-11-17,18:38:52,Dinner,BK,"[('Fish&Chips', 10), ('Shrimp', 6)]",674.0,-37.7989278,144.9692712,0,7.753,16.9767841
ORDZ00268,2018-09-18,16:37:10,Dinner,NS,"[('Shrimp', 9), ('Pasta', 10), ('Salmon', 5)]",966.0,-37.8248459,144.9469185,0,10.328,23.93442105
ORDJ06918,2018-12-28,20:00:00,Dinner,TP,"[('Pasta', 10), ('Fish&Chips', 9)]",590.0,-37.8120976,144.9706706,0,8.664,12.5206374
ORDB02055,2018-07-06,14:05:04,Lunch,TP,"[('Chicken', 1), ('Burger', 10), ('Salad', 1), ('Fries', 4)]",407.2,-37.8197666,144.9949336,0,10.169,13.2099289
ORDB03879,2018-06-08,13:14:21,Lunch,TP,"[('Chicken', 6), ('Burger', 8), ('Steak', 6), ('Fries', 2)]",734.0,-37.8178791,144.9463126,0,9.287,12.7306402
ORDK04902,2018-01-24,08:40:33,Breakfast,BK,"[('Eggs', 9), ('Cereal', 4)]",282.0,-37.8274091,145.013615,0,7.087,12.0603593
ORDC06096,2018-10-31,17:58:18,Dinner,NS,"[('Salmon', 3), ('Pasta', 3)]",205.5,-37.821085,144.9610726,0,9.103,14.9966385
ORDA10206,2018-07-27,14:45:38,Lunch,BK,"[('Chicken', 10), ('Steak', 3), ('Burger', 2)]",517.0,-37.8104509,144.9834662,0,5.711,11.2091379
ORDY07571,2018-01-21,08:40:33,Breakfast,TP,"[('Pancake', 4), ('Cereal', 10), ('Coffee', 2)]",322.0,-37.8037406,144.9654287,0,9.458,13.8216574
ORDX09539,2018-03-18,10:32:06,Breakfast,BK,"[('Pancake', 6), ('Eggs', 10), ('Cereal', 1)]",386.5,-37.809318,144.9719386,0,6.735,13.68966
ORDY05129,2018-04-04,11:02:32,Breakfast,TP,"[('Pancake', 1), ('Coffee', 2), ('Eggs', 9), ('Cereal', 1)]",258.25,-37.8195669,144.9778104,0,8.681,10.9991448
ORDY10711,2018-06-11,13:14:21,Lunch,TP,"[('Burger', 5), ('Salad', 6), ('Chicken', 4), ('Steak', 3), ('Fries', 6)]",593.2,-37.8242729,144.9473379,0,8.803,12.4885899
ORDA04163,2018-03-30,10:52:23,Breakfast,BK,"[('Coffee', 5), ('Cereal', 7), ('Eggs', 3)]",250.5,-37.8161845,144.9641422,0,7.748,13.0909097
ORDI06949,2018-07-24,14:45:38,Lunch,NS,"[('Burger', 8), ('Salad', 4), ('Chicken', 9)]",604.8,-37.7995415,144.9634403,0,6.853,12.1608832
ORDY04571,2018-02-25,09:41:24,Breakfast,TP,"[('Eggs', 5), ('Pancake', 5), ('Cereal', 7), ('Coffee', 7)]",430.75,-37.8081488,144.975634,0,9.251,13.4199292
ORDC01804,2018-03-06,10:01:41,Breakfast,NS,"[('Coffee', 3), ('Eggs', 3), ('Cereal', 4)]",172.5,-37.824052,144.9848675,0,9.356,14.4354382
ORDJ01622,2018-05-26,12:43:56,Lunch,TP,"[('Salad', 8), ('Fries', 10), ('Burger', 7), ('Steak', 6), ('Chicken', 9)]",1032.6,-37.8019999,144.9636398,0,9.526,14.8989363
ORDY00149,2018-04-22,11:32:57,Breakfast,TP,"[('Cereal', 3), ('Eggs', 3), ('Pancake', 10), ('Coffee', 7)]",424.0,-37.8189747,144.9527594,0,8.583,12.7931514
ORDY02612,2018-07-21,14:35:29,Lunch,TP,"[('Steak', 7), ('Salad', 2), ('Chicken', 10), ('Burger', 8), ('Fries', 9)]",1025.4,-37.8123412,144.9734482,0,8.736,13.6906784
ORDB03240,2018-03-17,10:21:58,Breakfast,TP,"[('Cereal', 6), ('Pancake', 6), ('Coffee', 9), ('Eggs', 10)]",559.0,-37.8067442,144.9414149,0,10.252,13.7489551
ORDA03732,2018-09-27,16:57:27,Dinner,BK,"[('Shrimp', 5), ('Fish&Chips', 3)]",375.0,-37.80567,144.9449191,0,9.109,15.858468
ORDY00669,2018-05-27,12:43:56,Lunch,TP,"[('Chicken', 5), ('Burger', 10)]",470.0,-37.8050485,144.9530213,0,9.636,14.2900638
ORDJ10990,2018-12-27,20:00:00,Dinner,TP,"[('Fish&Chips', 7), ('Pasta', 10), ('Shrimp', 2), ('Salmon', 5)]",833.0,-37.8122538,144.9386636,0,10.345,7.4278213
ORDK08550,2018-02-17,09:31:16,Breakfast,BK,"[('Cereal', 10), ('Eggs', 8)]",386.0,-37.824124,144.9868376,0,6.499,13.8880861
ORDC00445,2018-12-15,19:29:34,Dinner,NS,"[('Salmon', 10), ('Pasta', 6), ('Fish&Chips', 7)]",820.0,-37.823966,144.9437262,0,10.581,18.5262625
ORDX03346,2018-12-08,19:19:26,Dinner,BK,"[('Salmon', 1), ('Pasta', 10), ('Shrimp', 3), ('Fish&Chips', 2)]",548.0,-37.8123341,144.9468664,0,9.844,9.6184265
ORDK05432,2018-07-31,14:55:46,Lunch,BK,"[('Burger', 2), ('Fries', 10)]",182.0,-37.794305,144.9873975,0,6.896,12.6261426
ORDK07719,2018-04-05,11:02:32,Breakfast,BK,"[('Eggs', 10), ('Coffee', 10), ('Cereal', 6), ('Pancake', 1)]",445.25,-37.8188059,144.9524243,0,8.894,13.614029
ORDZ09218,2018-11-11,18:28:43,Dinner,NS,"[('Fish&Chips', 1), ('Pasta', 1), ('Salmon', 10)]",472.5,-37.8180912,144.9468787,0,9.505,17.0323124
ORDC01159,2018-06-07,13:14:21,Lunch,NS,"[('Salad', 5), ('Steak', 8), ('Burger', 4), ('Fries', 7), ('Chicken', 1)]",686.0,-37.8039658,144.9641073,0,6.96,12.5662423
ORDI10457,2018-11-28,18:59:09,Dinner,NS,"[('Salmon', 5), ('Pasta', 4)]",315.0,-37.8210617,144.9662728,0,8.914,14.8877048
ORDB04532,2018-03-11,10:11:49,Breakfast,TP,"[('Cereal', 1), ('Coffee', 7)]",73.5,-37.8038301,144.9633966,0,9.319,13.0481374
ORDY09567,2018-11-12,18:28:43,Dinner,TP,"[('Shrimp', 3), ('Salmon', 5)]",367.0,-37.8126906,144.9569509,0,8.531,12.7021893
ORDJ01252,2018-12-31,20:00:00,Dinner,TP,"[('Shrimp', 3), ('Salmon', 8), ('Pasta', 8), ('Fish&Chips', 3)]",815.0,-37.820274,144.9495398,0,8.828,13.0165799
ORDI05305,2018-02-11,09:21:07,Breakfast,NS,"[('Pancake', 3), ('Eggs', 7), ('Coffee', 5)]",264.25,-37.8121597,144.9704571,0,7.436,14.5613772
ORDY02470,2018-01-08,08:10:08,Breakfast,TP,"[('Cereal', 1), ('Eggs', 4), ('Pancake', 9), ('Coffee', 8)]",387.25,-37.8088018,145.0050696,1,11.673,6.7215529
ORDC05937,2018-11-04,18:08:27,Dinner,NS,"[('Fish&Chips', 7), ('Pasta', 8)]",465.0,-37.8027598,145.0039589,0,9.317,17.0223784
ORDI01758,2018-03-26,10:42:15,Breakfast,NS,"[('Coffee', 5), ('Cereal', 10)]",247.5,-37.8013693,144.9742775,0,6.468,11.7563828
ORDZ00982,2018-08-14,15:26:11,Lunch,NS,"[('Chicken', 10), ('Salad', 7), ('Fries', 4), ('Steak', 10)]",938.4,-37.8035969,144.9665117,0,6.732,12.1207961
ORDA04979,2018-02-01,09:00:50,Breakfast,BK,"[('Eggs', 1), ('Coffee', 4)]",52.0,-37.7993656,144.9600306,0,8.371,13.8633397
ORDK05198,2018-11-15,18:28:43,Dinner,BK,"[('Shrimp', 10), ('Salmon', 1), ('Pasta', 4)]",691.0,-37.8138999,144.944226,0,9.308,16.8090695
ORDX03680,2018-10-01,16:57:27,Dinner,BK,"[('Fish&Chips', 6), ('Pasta', 8), ('Salmon', 8), ('Shrimp', 1)]",812.0,-37.8096721,144.9675774,0,7.198,13.7578047
ORDI04073,2018-05-12,12:13:31,Lunch,NS,"[('Fries', 9), ('Steak', 1), ('Salad', 4)]",221.8,-37.8006798,144.9577628,0,7.309,15.2909331
ORDB05172,2018-08-17,15:36:20,Lunch,TP,"[('Salad', 7), ('Steak', 2), ('Chicken', 2), ('Burger', 2)]",336.4,-37.8188873,144.9549446,0,8.331,11.5313929
ORDZ02054,2018-06-13,13:24:30,Lunch,NS,"[('Salad', 9), ('Fries', 5)]",214.8,-37.81115,144.9729569,0,7.427,12.8676582
ORDX06579,2018-12-27,20:00:00,Dinner,BK,"[('Shrimp', 3), ('Pasta', 10), ('Salmon', 7)]",724.0,-37.8111493,144.9659374,0,7.302,7.3004674
ORDZ06691,2018-07-12,14:15:12,Lunch,NS,"[('Fries', 6), ('Burger', 9), ('Chicken', 3), ('Salad', 10), ('Steak', 8)]",979.0,-37.8092783,144.9687188,0,7.112,12.7633414
ORDK10203,2018-04-06,11:02:32,Breakfast,BK,"[('Eggs', 7), ('Coffee', 9)]",221.5,-37.8024464,144.9573361,0,8.243,13.4801949
ORDJ03322,2018-07-21,14:35:29,Lunch,TP,"[('Fries', 6), ('Steak', 4), ('Salad', 6), ('Burger', 10)]",665.2,-37.8226746,145.0120678,0,11.776,16.4748454
ORDC03412,2018-05-03,12:03:22,Lunch,NS,"[('Fries', 7), ('Burger', 10)]",394.0,-37.8204191,144.926592,0,11.492,17.0528976
ORDK00077,2018-07-13,14:25:21,Lunch,BK,"[('Steak', 7), ('Fries', 10)]",435.0,-37.8115857,145.0106036,0,3.337,9.128691
ORDB02256,2018-04-07,11:02:32,Breakfast,TP,"[('Pancake', 7), ('Cereal', 2), ('Coffee', 3)]",234.25,-37.8112768,144.9730519,0,8.861,13.2169902
ORDB04036,2018-02-04,09:00:50,Breakfast,TP,"[('Cereal', 10), ('Eggs', 2), ('Coffee', 10), ('Pancake', 9)]",547.25,-37.8158223,144.9927827,0,10.125,14.5797709
ORDX03202,2018-08-18,15:36:20,Lunch,BK,"[('Fries', 8), ('Steak', 9), ('Burger', 3), ('Chicken', 5)]",754.0,-37.8135834,144.9657896,0,7.493,15.8203294
ORDK01270,2018-02-17,09:31:16,Breakfast,BK,"[('Eggs', 6), ('Pancake', 8), ('Coffee', 10), ('Cereal', 6)]",527.0,-37.8093871,144.963212,0,7.543,15.1167198
ORDA00935,2018-08-16,15:26:11,Lunch,BK,"[('Burger', 3), ('Salad', 3), ('Chicken', 3), ('Steak', 6), ('Fries', 5)]",570.6,-37.8096086,144.9756251,0,6.409,12.122044
ORDB11088,2018-04-19,11:32:57,Breakfast,TP,"[('Pancake', 6), ('Eggs', 7)]",299.5,-37.8148623,144.9745908,0,8.45,11.4651965
ORDI05519,2018-07-07,14:05:04,Lunch,NS,"[('Fries', 5), ('Steak', 3), ('Burger', 5), ('Salad', 8)]",487.6,-37.8017509,144.9950977,0,8.532,15.7064806
ORDC04436,2018-01-11,08:20:16,Breakfast,NS,"[('Cereal', 5), ('Pancake', 4)]",202.0,-37.8166356,144.9872824,1,8.971,6.6331396
ORDY05938,2018-02-02,09:00:50,Breakfast,TP,"[('Coffee', 9), ('Cereal', 1)]",88.5,-37.8160229,144.9383031,0,10.354,12.8116624
ORDC07288,2018-07-28,14:55:46,Lunch,NS,"[('Fries', 1), ('Burger', 5)]",167.0,-37.8159398,144.9610629,0,8.398,15.9909904
ORDJ06806,2018-03-22,10:32:06,Breakfast,TP,"[('Cereal', 8), ('Eggs', 6), ('Pancake', 1), ('Coffee', 1)]",331.75,-37.8178914,144.9619646,0,7.874,10.6554161
ORDZ04463,2018-02-08,09:10:59,Breakfast,NS,"[('Eggs', 9), ('Cereal', 1), ('Pancake', 8)]",413.0,-37.8229383,144.9810236,0,9.065,14.003252
ORDX08857,2018-08-02,15:05:54,Lunch,BK,"[('Burger', 7), ('Chicken', 8), ('Steak', 6), ('Salad', 4)]",811.8,-37.8009721,144.9815106,0,6.605,18.96427155
ORDZ01913,2018-06-17,13:34:38,Lunch,NS,"[('Chicken', 3), ('Steak', 5), ('Burger', 7), ('Salad', 5), ('Fries', 2)]",648.0,-37.8084394,144.9547952,0,8.175,15.7880743
ORDA05717,2018-09-03,16:06:45,Dinner,BK,"[('Shrimp', 7), ('Pasta', 4)]",488.0,-37.8088453,144.9838917,0,5.577,12.3878539
ORDK01201,2018-04-18,11:32:57,Breakfast,BK,"[('Eggs', 6), ('Coffee', 2), ('Pancake', 5), ('Cereal', 6)]",394.25,-37.8046584,144.9888154,0,5.581,10.1377843
ORDZ01601,2018-03-08,10:11:49,Breakfast,NS,"[('Pancake', 9), ('Cereal', 6)]",344.25,-37.813465,144.9600851,0,8.109,12.7166053
ORDZ09844,2018-03-31,10:52:23,Breakfast,NS,"[('Pancake', 6), ('Coffee', 6), ('Eggs', 6)]",322.5,-37.8163682,144.9656303,0,8.285,14.9520174
ORDJ08390,2018-09-10,16:16:54,Dinner,TP,"[('Shrimp', 10), ('Pasta', 5)]",677.5,-37.8104418,144.9614008,0,8.477,12.9214912
ORDY00828,2018-02-13,09:21:07,Breakfast,TP,"[('Pancake', 10), ('Coffee', 4), ('Cereal', 10), ('Eggs', 4)]",570.5,-37.7990342,144.9879242,0,11.067,13.9973058
ORDK11100,2018-03-23,10:42:15,Breakfast,BK,"[('Pancake', 2), ('Cereal', 8)]",216.5,-37.8207565,144.9848213,0,6.416,11.47579
ORDA00703,2018-05-01,11:53:14,Breakfast,BK,"[('Eggs', 2), ('Coffee', 2)]",59.0,-37.8088781,144.9500705,0,8.774,14.1967145
ORDX11019,2018-02-21,09:41:24,Breakfast,BK,"[('Eggs', 7), ('Pancake', 6), ('Coffee', 7)]",352.0,-37.8082486,144.99485,0,4.803,10.0432575
ORDJ04538,2018-03-27,10:42:15,Breakfast,TP,"[('Pancake', 9), ('Eggs', 10)]",438.25,-37.8183221,145.0015453,0,10.765,13.0779855
ORDJ09486,2018-01-14,08:20:16,Breakfast,TP,"[('Cereal', 7), ('Coffee', 2)]",162.0,-37.8189405,144.9885743,1,9.51,6.5930962
ORDK09509,2018-07-20,14:35:29,Lunch,BK,"[('Steak', 8), ('Salad', 9), ('Burger', 1), ('Fries', 4), ('Chicken', 1)]",625.8,-37.8161096,144.9527874,0,8.65,14.4806936
ORDZ07069,2018-06-05,13:04:13,Lunch,NS,"[('Salad', 10), ('Chicken', 6), ('Fries', 2), ('Steak', 9), ('Burger', 2)]",855.0,-37.8114234,144.9292193,0,10.633,16.5515353
ORDK07900,2018-01-18,08:30:25,Breakfast,BK,"[('Pancake', 4), ('Eggs', 3)]",163.0,-37.7999805,144.9630199,1,8.099,6.9817252
ORDA09498,2018-04-27,11:43:05,Breakfast,BK,"[('Cereal', 8), ('Pancake', 8), ('Coffee', 7)]",414.5,-37.8105953,144.9653759,0,7.373,12.6081515
ORDB02375,2018-06-30,13:54:55,Lunch,TP,"[('Burger', 10), ('Chicken', 10), ('Steak', 3)]",765.0,-37.8169077,144.9520437,0,10.131,14.5125394
ORDJ01574,2018-06-21,13:34:38,Lunch,TP,"[('Burger', 5), ('Steak', 5), ('Salad', 3), ('Chicken', 5)]",591.6,-37.799825,144.9639739,0,9.775,13.0844994
ORDY03091,2018-03-07,10:01:41,Breakfast,TP,"[('Coffee', 3), ('Eggs', 4)]",110.5,-37.8035534,144.9987979,0,11.902,13.6446964
ORDJ02761,2018-03-02,09:51:32,Breakfast,TP,"[('Pancake', 1), ('Eggs', 5), ('Coffee', 10)]",209.25,-37.8185075,144.9909062,0,9.842,12.3779612
ORDB08994,2018-09-17,16:37:10,Dinner,TP,"[('Fish&Chips', 1), ('Pasta', 8), ('Salmon', 9), ('Shrimp', 5)]",894.0,-37.8196254,145.0082226,0,11.327,15.3262152
ORDX10503,2018-03-06,10:01:41,Breakfast,BK,"[('Pancake', 5), ('Cereal', 5), ('Eggs', 2), ('Coffee', 7)]",322.75,-37.8161879,144.982733,0,6.248,11.075836
ORDI06844,2018-12-09,19:19:26,Dinner,NS,"[('Pasta', 4), ('Shrimp', 2), ('Fish&Chips', 8), ('Salmon', 7)]",785.0,-37.8205844,144.9484461,0,9.72,17.4892511
ORDX08278,2018-08-03,15:05:54,Lunch,BK,"[('Fries', 1), ('Steak', 3), ('Burger', 10), ('Chicken', 3)]",553.0,-37.8145097,144.9882537,0,5.553,11.3076992
ORDX00463,2018-09-16,16:27:02,Dinner,BK,"[('Salmon', 9), ('Shrimp', 1), ('Pasta', 2), ('Fish&Chips', 6)]",688.0,-37.8132835,144.9564666,0,8.233,17.7690559
ORDA08119,2018-02-13,09:21:07,Breakfast,BK,"[('Pancake', 5), ('Eggs', 1)]",143.25,-37.8113389,145.0085819,0,3.371,7.666852
ORDA04056,2018-03-08,10:11:49,Breakfast,BK,"[('Pancake', 2), ('Eggs', 8)]",224.5,-37.8187161,144.9840086,0,6.332,11.3587073
ORDZ07484,2018-04-11,11:12:40,Breakfast,NS,"[('Eggs', 9), ('Cereal', 8)]",366.0,-37.8235797,144.9673879,0,9.074,13.7699655
ORDC01674,2018-03-18,10:32:06,Breakfast,NS,"[('Cereal', 1), ('Pancake', 4)]",118.0,-37.8092351,144.9722247,0,7.177,14.5161237
ORDC02941,2018-09-18,16:37:10,Dinner,NS,"[('Fish&Chips', 2), ('Salmon', 6), ('Shrimp', 10)]",856.0,-37.81284,144.9430922,0,9.311,7.7021099
ORDA03810,2018-09-19,16:37:10,Dinner,BK,"[('Pasta', 8), ('Shrimp', 2)]",328.0,-37.81955,144.9723494,0,7.858,15.0683264
ORDZ10448,2018-11-26,18:49:00,Dinner,NS,"[('Pasta', 8), ('Salmon', 5)]",425.0,-37.8125339,144.9362062,0,10.454,16.5663046
ORDX03473,2018-05-29,12:54:05,Lunch,BK,"[('Burger', 4), ('Steak', 1), ('Salad', 1), ('Fries', 6)]",258.2,-37.8038491,144.9187243,0,11.532,17.8113661
ORDI01779,2018-03-04,10:01:41,Breakfast,NS,"[('Eggs', 8), ('Cereal', 10), ('Pancake', 7)]",555.75,-37.8240372,144.9354597,0,10.93,17.9322549
ORDI02306,2018-11-13,18:28:43,Dinner,NS,"[('Shrimp', 1), ('Pasta', 4), ('Fish&Chips', 8), ('Salmon', 6)]",690.0,-37.805,144.9787198,0,7.336,13.5684248
ORDK08830,2018-08-23,15:46:28,Lunch,BK,"[('Salad', 6), ('Chicken', 3), ('Steak', 8), ('Fries', 8)]",655.2,-37.7961225,144.9937127,0,6.207,12.0314162
ORDB04827,2018-11-22,18:49:00,Dinner,TP,"[('Salmon', 3), ('Shrimp', 10), ('Pasta', 4)]",773.0,-37.8210808,144.983917,0,9.018,12.7912487
ORDC08397,2018-06-09,13:14:21,Lunch,NS,"[('Burger', 1), ('Steak', 9)]",436.0,-37.8256667,144.9580612,0,9.912,17.0798436
ORDI07648,2018-07-08,14:15:12,Lunch,NS,"[('Burger', 5), ('Steak', 3), ('Chicken', 3), ('Salad', 2)]",420.4,-37.8238484,144.9825189,0,9.247,8.234166
ORDX06610,2018-08-31,15:56:37,Lunch,BK,"[('Salad', 9), ('Chicken', 10), ('Burger', 9), ('Fries', 2), ('Steak', 7)]",1092.8,-37.8009907,144.9631311,0,7.985,13.943685
ORDA02282,2018-08-03,15:05:54,Lunch,BK,"[('Salad', 5), ('Fries', 6)]",158.0,-37.8144562,144.9880736,0,5.56,11.4962874
ORDC09257,2018-07-04,14:05:04,Lunch,NS,"[('Fries', 4), ('Salad', 7), ('Steak', 7), ('Chicken', 9)]",771.4,-37.8236612,144.9369122,0,10.844,15.8899947
ORDA00349,2018-02-25,09:41:24,Breakfast,BK,"[('Coffee', 2), ('Eggs', 1)]",37.0,-37.8147548,144.9615148,0,7.891,14.9735011
ORDK09664,2018-03-02,09:51:32,Breakfast,BK,"[('Eggs', 5), ('Cereal', 5), ('Pancake', 5), ('Coffee', 9)]",403.75,-37.8154287,144.9665185,0,7.528,12.3841417
ORDB08356,2018-04-06,11:02:32,Breakfast,TP,"[('Pancake', 7), ('Coffee', 3), ('Cereal', 5)]",297.25,-37.8145324,144.9502117,0,10.006,12.3216437
ORDX08929,2018-02-20,09:31:16,Breakfast,BK,"[('Cereal', 9), ('Coffee', 6)]",234.0,-37.8050371,144.9287516,0,10.636,15.6269492
ORDB03082,2018-04-07,11:02:32,Breakfast,TP,"[('Cereal', 1), ('Coffee', 4)]",51.0,-37.8227021,145.0076149,0,11.247,15.3282061
ORDB10375,2018-10-29,17:58:18,Dinner,TP,"[('Salmon', 5), ('Shrimp', 8)]",637.0,-37.8212542,144.9663599,0,7.449,11.7732233
ORDI10410,2018-02-14,09:21:07,Breakfast,NS,"[('Eggs', 5), ('Cereal', 10), ('Pancake', 1), ('Coffee', 3)]",366.75,-37.8207972,144.9942398,0,9.791,14.910994
ORDB10645,2018-10-20,17:38:01,Dinner,TP,"[('Salmon', 3), ('Pasta', 6)]",288.0,-37.8068963,144.9746492,0,9.453,15.3590454
ORDB00510,2018-11-09,18:18:35,Dinner,TP,"[('Shrimp', 10), ('Salmon', 1)]",581.0,-37.818057,144.9676608,0,7.711,12.0135801
ORDZ04385,2018-09-15,16:27:02,Dinner,NS,"[('Shrimp', 2), ('Fish&Chips', 6), ('Pasta', 2), ('Salmon', 5)]",578.0,-37.8222803,144.9536732,0,9.744,17.7695852
ORDY06525,2018-02-06,09:10:59,Breakfast,TP,"[('Eggs', 4), ('Cereal', 1), ('Pancake', 1)]",133.25,-37.8244618,144.9889108,0,9.23,11.8815463
ORDK09667,2018-08-15,15:26:11,Lunch,BK,"[('Burger', 3), ('Fries', 6), ('Salad', 7)]",285.4,-37.8109156,144.9719503,0,6.859,13.0546139
ORDC02095,2018-05-16,12:23:39,Lunch,NS,"[('Steak', 8), ('Fries', 4), ('Salad', 3), ('Burger', 6)]",645.6,-37.8115103,144.9646963,0,7.609,13.7182567
